企業名	コード	URL	会社名	会社URL	会社設立	上場日	株主名と比率	企業業績のデータ（5年分）
ロゴスホールディングス	205A	/company/2024/logos-holdings.html	ロゴスホールディングス（205A）　【東証グロース】	https://logos-holdings.jp/	2020年7月（4年目）		"[{""株主名"": ""エンデバー・ユナイテッド2号投資事業有限責任組合"", ""比率"": ""84.26％"", ""ロックアップ"": ""1.5倍""}, {""株主名"": ""（株）チキンシープ"", ""比率"": ""7.46％"", ""ロックアップ"": ""180日間""}, {""株主名"": ""池田 雄一（社長）"", ""比率"": ""1.17％"", ""ロックアップ"": ""180日間""}, {""株主名"": ""（株）BOSS"", ""比率"": ""0.86％"", ""ロックアップ"": ""180日間""}, {""株主名"": ""岩永 武也"", ""比率"": ""0.64％"", ""ロックアップ"": ""継続保有""}, {""株主名"": ""竹田 純"", ""比率"": ""0.52％"", ""ロックアップ"": ""180日間""}, {""株主名"": ""平山 純太"", ""比率"": ""0.38％"", ""ロックアップ"": ""継続保有""}, {""株主名"": ""神山 周市"", ""比率"": ""0.37％"", ""ロックアップ"": ""継続保有""}, {""株主名"": ""谷口 文弥"", ""比率"": ""0.23％"", ""ロックアップ"": ""180日間""}, {""株主名"": ""池田 俊"", ""比率"": ""0.23％"", ""ロックアップ"": ""180日間""}]"	{}
豆蔵デジタルホールディングス	202A	/company/2024/mamezo-dhd.html	豆蔵デジタルホールディングス（202A）　【東証グロース】	https://www.mamezo-dhd.com/	2020年11月（4年目）		"[{""株主名"": ""（株）豆蔵K2TOPホールディングス"", ""比率"": ""96.74％"", ""ロックアップ"": ""180日間""}, {""株主名"": ""中原 徹也（社長）"", ""比率"": ""1.12％"", ""ロックアップ"": ""継続保有""}, {""株主名"": ""宮田 賢治"", ""比率"": ""0.11％"", ""ロックアップ"": ""継続保有""}, {""株主名"": ""牟田 嘉寿"", ""比率"": ""0.10％"", ""ロックアップ"": ""継続保有""}, {""株主名"": ""福富 三雄"", ""比率"": ""0.09％"", ""ロックアップ"": ""継続保有""}, {""株主名"": ""平田 雅敏"", ""比率"": ""0.08％"", ""ロックアップ"": ""継続保有""}, {""株主名"": ""日比生 和彦"", ""比率"": ""0.08％"", ""ロックアップ"": ""継続保有""}, {""株主名"": ""金子 聖史"", ""比率"": ""0.07％"", ""ロックアップ"": ""継続保有""}, {""株主名"": ""南雲 暢之"", ""比率"": ""0.07％"", ""ロックアップ"": ""継続保有""}, {""株主名"": ""粟津 雅浩"", ""比率"": ""0.05％"", ""ロックアップ"": ""継続保有""}]"	{}
MFS	196A	/company/2024/mortgagefss.html	MFS[エムエフエス]（196A）　【東証グロース】	https://www.mortgagefss.jp/	2009年7月（15年目）		"[{""株主名"": ""中山田 明（社長）"", ""比率"": ""23.05％"", ""ロックアップ"": ""180日間""}, {""株主名"": ""JICベンチャー・グロース・ファンド1号投資事業有限責任組合"", ""比率"": ""11.60％"", ""ロックアップ"": ""180日間1.5倍""}, {""株主名"": ""塩澤 崇"", ""比率"": ""8.57％"", ""ロックアップ"": ""180日間""}, {""株主名"": ""テクノロジーベンチャーズ5号投資事業有限責任組合"", ""比率"": ""6.62％"", ""ロックアップ"": ""180日間1.5倍""}, {""株主名"": ""グロービス5号ファンド投資事業有限責任組合"", ""比率"": ""6.52％"", ""ロックアップ"": ""180日間1.5倍""}, {""株主名"": ""BIG1号投資事業有限責任組合"", ""比率"": ""4.37％"", ""ロックアップ"": """"}, {""株主名"": ""YJ2号投資事業組合"", ""比率"": ""4.05％"", ""ロックアップ"": """"}, {""株主名"": ""Globis Fund V, L.P."", ""比率"": ""2.79％"", ""ロックアップ"": ""180日間1.5倍""}, {""株主名"": ""ジー・エス・グロース・インベストメント合同会社"", ""比率"": ""2.71％"", ""ロックアップ"": """"}, {""株主名"": ""マネックスベンチャーズ（株）"", ""比率"": ""2.14％"", ""ロックアップ"": """"}]"	{}
タウンズ	197A	/company/2024/tauns.html	タウンズ（197A）　【東証スタンダード】	https://www.tauns.co.jp/	2016年4月（9年目）		"[{""株主名"": ""CITIC Capital Japan Partners III, L.P."", ""比率"": ""55.26％"", ""ロックアップ"": ""180日間""}, {""株主名"": ""野中 雅貴（社長）"", ""比率"": ""30.82％"", ""ロックアップ"": ""180日間""}, {""株主名"": ""Ariake-T1 投資事業有限責任組合"", ""比率"": ""5.56％"", ""ロックアップ"": ""180日間""}, {""株主名"": ""（株）くふうカンパニー"", ""比率"": ""2.78％"", ""ロックアップ"": """"}, {""株主名"": ""Ariake Secondary Fund I LP(常任代理人 あいざわアセットマネジメント（株）)"", ""比率"": ""0.56％"", ""ロックアップ"": ""180日間""}, {""株主名"": ""CCJP III Co-Investment, L.P."", ""比率"": ""0.34％"", ""ロックアップ"": ""180日間""}, {""株主名"": ""内山 義雄"", ""比率"": ""0.15％"", ""ロックアップ"": ""180日間""}, {""株主名"": ""中澤 真士"", ""比率"": ""0.14％"", ""ロックアップ"": ""180日間""}, {""株主名"": ""従業員"", ""比率"": ""0.11％"", ""ロックアップ"": ""180日間""}, {""株主名"": ""従業員"", ""比率"": ""0.11％"", ""ロックアップ"": ""180日間""}]"	{}
WOLVES HAND	194A	/company/2024/wolveshand.html	WOLVES HAND[ウルブズハンド]（194A）　【東証グロース】	https://wolveshand.jp/	2019年4月（6年目）		"[{""株主名"": ""北井　正志（社長）"", ""比率"": ""42.08％"", ""ロックアップ"": ""180日間""}, {""株主名"": ""J-STAR No.3 SS, LP"", ""比率"": ""20.31％"", ""ロックアップ"": ""180日間1.5倍""}, {""株主名"": ""J-STAR No.3 JF, LP"", ""比率"": ""10.52％"", ""ロックアップ"": ""180日間1.5倍""}, {""株主名"": ""J-STAR No.3 JC, LP"", ""比率"": ""8.70％"", ""ロックアップ"": ""180日間1.5倍""}, {""株主名"": ""J-STAR No.3 GF, LP"", ""比率"": ""8.66％"", ""ロックアップ"": ""180日間1.5倍""}, {""株主名"": ""山下　瞬"", ""比率"": ""1.20％"", ""ロックアップ"": ""180日間""}, {""株主名"": ""J-STAR有限責任事業組合2016"", ""比率"": ""1.07％"", ""ロックアップ"": ""180日間1.5倍""}, {""株主名"": ""池原　秀壱"", ""比率"": ""0.66％"", ""ロックアップ"": ""180日間""}, {""株主名"": ""東野　利武"", ""比率"": ""0.41％"", ""ロックアップ"": ""180日間""}, {""株主名"": ""水野　雄貴"", ""比率"": ""0.38％"", ""ロックアップ"": ""180日間""}]"	{}
PostPrime	198A	/company/2024/postprime.html	PostPrime[ポストプライム]（198A）　【東証グロース】	https://corp.postprime.com/	2020年9月（4年目）		"[{""株主名"": ""DAN TAKAHASHI LLC"", ""比率"": ""79.27％"", ""ロックアップ"": ""180日間""}, {""株主名"": ""高橋 ダニエル 圭（社長）"", ""比率"": ""8.81％"", ""ロックアップ"": ""180日間""}, {""株主名"": ""コタエル信託（株）"", ""比率"": ""3.96％"", ""ロックアップ"": ""継続保有""}, {""株主名"": ""ヴー ヴァン チュン"", ""比率"": ""1.98％"", ""ロックアップ"": ""継続保有""}, {""株主名"": ""羽鳥 有紀彦"", ""比率"": ""1.32％"", ""ロックアップ"": ""継続保有""}, {""株主名"": ""従業員"", ""比率"": ""0.55％"", ""ロックアップ"": ""継続保有""}, {""株主名"": ""従業員"", ""比率"": ""0.44％"", ""ロックアップ"": ""継続保有""}, {""株主名"": ""従業員"", ""比率"": ""0.44％"", ""ロックアップ"": ""継続保有""}, {""株主名"": ""従業員"", ""比率"": ""0.40％"", ""ロックアップ"": ""継続保有""}, {""株主名"": ""従業員"", ""比率"": ""0.40％"", ""ロックアップ"": ""継続保有""}]"	{}
ライスカレー	195A	/company/2024/ricecurry.html	ライスカレー（195A）　【東証グロース】	https://ricecurry.co.jp/	2016年4月（9年目）		"[{""株主名"": ""大久保 遼（社長）"", ""比率"": ""42.13％"", ""ロックアップ"": ""180日間""}, {""株主名"": ""GMOベンチャー通信スタートアップ支援（株）"", ""比率"": ""4.46％"", ""ロックアップ"": ""90日間1.5倍""}, {""株主名"": ""川上 慶士"", ""比率"": ""3.08％"", ""ロックアップ"": ""180日間""}, {""株主名"": ""（株）丸井グループ"", ""比率"": ""2.90％"", ""ロックアップ"": ""継続保有""}, {""株主名"": ""みずほ成長支援第3号投資事業有限責任組合"", ""比率"": ""2.78％"", ""ロックアップ"": ""90日間1.5倍""}, {""株主名"": ""森岡 祐平"", ""比率"": ""2.77％"", ""ロックアップ"": ""180日間""}, {""株主名"": ""GMOメイクショップ（株）"", ""比率"": ""2.69％"", ""ロックアップ"": ""180日間""}, {""株主名"": ""岩片 麻翔"", ""比率"": ""2.32％"", ""ロックアップ"": ""180日間""}, {""株主名"": ""執行役員"", ""比率"": ""2.31％"", ""ロックアップ"": ""継続保有""}, {""株主名"": ""執行役員"", ""比率"": ""2.21％"", ""ロックアップ"": ""継続保有""}]"	{}
インテグループ	192A	/company/2024/integroup.html	インテグループ（192A）　【東証グロース】	https://www.integroup.jp/	2007年6月（17年目）		"[{""株主名"": ""藤井 一郎（社長）"", ""比率"": ""45.02％"", ""ロックアップ"": ""180日間""}, {""株主名"": ""籠谷 智輝"", ""比率"": ""45.02％"", ""ロックアップ"": ""180日間""}, {""株主名"": ""廣瀬 一憲"", ""比率"": ""2.77％"", ""ロックアップ"": ""180日間""}, {""株主名"": ""中島 知広"", ""比率"": ""0.93％"", ""ロックアップ"": ""180日間""}, {""株主名"": ""徳田 陽太"", ""比率"": ""0.81％"", ""ロックアップ"": ""180日間""}, {""株主名"": ""松本 直久"", ""比率"": ""0.78％"", ""ロックアップ"": ""180日間""}, {""株主名"": ""森山 克哉"", ""比率"": ""0.57％"", ""ロックアップ"": ""180日間""}, {""株主名"": ""高辻 智之"", ""比率"": ""0.50％"", ""ロックアップ"": ""180日間""}, {""株主名"": ""佐藤 優哉"", ""比率"": ""0.42％"", ""ロックアップ"": ""180日間""}, {""株主名"": ""堤 瞭"", ""比率"": ""0.32％"", ""ロックアップ"": ""180日間""}]"	{}
ChordiaTherapeutics	190A	/company/2024/chordiatherapeutics.html	Chordia Therapeutics[コーディア セラビューティクス]（190A）　【東証グロース】	https://www.chordiatherapeutics.com	2017年10月（7年目）		"[{""株主名"": ""武田薬品工業（株）"", ""比率"": ""14.71％"", ""ロックアップ"": ""90日間""}, {""株主名"": ""イノベーション京都2016投資事業有限責任組合"", ""比率"": ""12.38％"", ""ロックアップ"": ""90日間""}, {""株主名"": ""New Life Science 1号投資事業有限責任組合"", ""比率"": ""10.27％"", ""ロックアップ"": ""90日間""}, {""株主名"": ""日本グロースキャピタル投資法人"", ""比率"": ""7.86％"", ""ロックアップ"": ""90日間""}, {""株主名"": ""ジャフコSV5共有投資事業有限責任組合"", ""比率"": ""7.18％"", ""ロックアップ"": ""90日間""}, {""株主名"": ""当社従業員17名"", ""比率"": ""6.67％"", ""ロックアップ"": ""90日間※""}, {""株主名"": ""MEDIPAL Innovation 投資事業有限責任組合"", ""比率"": ""6.55％"", ""ロックアップ"": ""90日間""}, {""株主名"": ""三菱UFJライフサイエンス1号投資事業有限責任組合"", ""比率"": ""6.19％"", ""ロックアップ"": ""90日間""}, {""株主名"": ""三宅 洋（社長）"", ""比率"": ""6.12％"", ""ロックアップ"": ""360日間""}, {""株主名"": ""協創プラットフォーム開発1号投資事業有限責任組合"", ""比率"": ""5.24％"", ""ロックアップ"": ""90日間""}]"	{}
D&Mカンパニー	189A	/company/2024/dmcompany.html	D&Mカンパニー（189A）　【東証グロース】	https://www.dmcompany.co.jp/	2015年11月（9年目）		"[{""株主名"": ""（株）ＹＳＹ"", ""比率"": ""48.78％"", ""ロックアップ"": ""180日間""}, {""株主名"": ""松井 信博"", ""比率"": ""9.76％"", ""ロックアップ"": ""180日間""}, {""株主名"": ""松下 明義（社長）"", ""比率"": ""6.22％"", ""ロックアップ"": ""180日間""}, {""株主名"": ""イノベーション・エンジンＰＯＣ第２投資事業有限責任組合"", ""比率"": ""5.12％"", ""ロックアップ"": ""90日間1.5倍""}, {""株主名"": ""松井 太"", ""比率"": ""4.88％"", ""ロックアップ"": ""180日間""}, {""株主名"": ""大阪商工信用金庫"", ""比率"": ""3.78％"", ""ロックアップ"": ""180日間""}, {""株主名"": ""松井 雅子"", ""比率"": ""3.66％"", ""ロックアップ"": """"}, {""株主名"": ""ナカザワホールディングス（株）"", ""比率"": ""3.05％"", ""ロックアップ"": ""180日間""}, {""株主名"": ""藤井 幹正"", ""比率"": ""2.44％"", ""ロックアップ"": ""180日間""}, {""株主名"": ""ＨＶＣ２号投資事業有限責任組合"", ""比率"": ""1.83％"", ""ロックアップ"": ""90日間1.5倍""}]"	{}
アストロスケールホールディングス	186A	/company/2024/astroscale.html	アストロスケールホールディングス（186A）　【東証グロース】	https://astroscale.com/ja/	2018年11月（6年目）		"[{""株主名"": ""岡田 光信（社長）"", ""比率"": ""26.78％"", ""ロックアップ"": ""180日間""}, {""株主名"": ""（株）INCJ"", ""比率"": ""16.53％"", ""ロックアップ"": ""180日間""}, {""株主名"": ""ジャフコSV4共有投資事業有限責任組合"", ""比率"": ""4.27％"", ""ロックアップ"": ""180日間""}, {""株主名"": ""（株）グーニーズ"", ""比率"": ""3.14％"", ""ロックアップ"": ""180日間""}, {""株主名"": ""ASエースタート1号投資事業有限責任組合"", ""比率"": ""2.86％"", ""ロックアップ"": ""180日間""}, {""株主名"": ""三菱電機（株）"", ""比率"": ""2.57％"", ""ロックアップ"": ""180日間""}, {""株主名"": ""ブラッカビー・クリストファー"", ""比率"": ""2.54％"", ""ロックアップ"": ""180日間""}, {""株主名"": ""スペース・エースタート1号投資事業有限責任組合"", ""比率"": ""2.52％"", ""ロックアップ"": ""180日間""}, {""株主名"": ""日本グロースキャピタル投資法人"", ""比率"": ""2.45％"", ""ロックアップ"": ""180日間""}, {""株主名"": ""THE FUND投資事業有限責任組合"", ""比率"": ""1.92％"", ""ロックアップ"": ""180日間""}]"	{}
学びエイド	184A	/company/2024/manabi-aid.html, /owner/win.html					[]	{}
コージンバイオ	177A	/company/2024/kohjin-bio.html	コージンバイオ（177A）　【東証グロース】	https://kohjin-bio.jp/	1981年4月（43年目）		"[{""株主名"": ""中村 孝人（社長）"", ""比率"": ""53.05％"", ""ロックアップ"": ""90日間""}, {""株主名"": ""TAKAコーポレーション(株)"", ""比率"": ""10.00％"", ""ロックアップ"": ""90日間""}, {""株主名"": ""オリエンタル酵母工業(株)"", ""比率"": ""6.48％"", ""ロックアップ"": ""90日間""}, {""株主名"": ""コージンバイオ従業員持株会"", ""比率"": ""4.23％"", ""ロックアップ"": ""90日間""}, {""株主名"": ""富士フイルム和光純薬(株)"", ""比率"": ""3.36％"", ""ロックアップ"": ""90日間""}, {""株主名"": ""渡辺 恒美"", ""比率"": ""2.88％"", ""ロックアップ"": ""90日間""}, {""株主名"": ""SMBC事業開発1号投資事業有限責任組合"", ""比率"": ""2.40％"", ""ロックアップ"": ""90日間1.5倍""}, {""株主名"": ""埼玉りそな銀2号投資事業組合"", ""比率"": ""2.40％"", ""ロックアップ"": ""90日間1.5倍""}, {""株主名"": ""コスモ・バイオ(株)"", ""比率"": ""2.40％"", ""ロックアップ"": ""90日間""}, {""株主名"": ""ニプロ(株)"", ""比率"": ""1.92％"", ""ロックアップ"": ""90日間""}]"	{}
レジル	176A	/company/2024/rezil.html	レジル（176A）　【東証グロース】	https://rezil.co.jp	1994年11月（30年目）		"[{""株主名"": ""Team Energy GI（株）"", ""比率"": ""56.78％"", ""ロックアップ"": ""180日間""}, {""株主名"": ""中村 誠司"", ""比率"": ""19.29％"", ""ロックアップ"": ""180日間""}, {""株主名"": ""関西電力（株）"", ""比率"": ""9.10％"", ""ロックアップ"": ""180日間""}, {""株主名"": ""丹治 保積（社長）"", ""比率"": ""2.66％"", ""ロックアップ"": ""180日間""}, {""株主名"": ""ＥＥＩスマートエナジー投資事業有限責任組合"", ""比率"": ""1.83％"", ""ロックアップ"": ""90日間1.5倍""}, {""株主名"": ""ＥＥＩクリーンテック投資事業有限責任組合"", ""比率"": ""1.40％"", ""ロックアップ"": """"}, {""株主名"": ""みずほグロースパートナーズ1号投資事業有限責任組合"", ""比率"": ""1.40％"", ""ロックアップ"": ""90日間1.5倍""}, {""株主名"": ""山本 直隆"", ""比率"": ""0.94％"", ""ロックアップ"": ""180日間""}, {""株主名"": ""下平 福子"", ""比率"": ""0.58％"", ""ロックアップ"": ""180日間""}, {""株主名"": ""北川 竜太"", ""比率"": ""0.37％"", ""ロックアップ"": ""180日間""}]"	{}
Will Smart	175A	/company/2024/willsmart.html	Will Smart[ウイル スマート]（175A）　【東証グロース】	https://willsmart.co.jp/	2012年12月（12年目）		"[{""株主名"": ""（株）ゼンリン"", ""比率"": ""55.81％"", ""ロックアップ"": ""90日間1.5倍""}, {""株主名"": ""九州旅客鉄道（株）"", ""比率"": ""14.66％"", ""ロックアップ"": ""90日間1.5倍""}, {""株主名"": ""石井 康弘（社長）"", ""比率"": ""6.80％"", ""ロックアップ"": ""90日間1.5倍""}, {""株主名"": ""ENEOS（株）"", ""比率"": ""5.48％"", ""ロックアップ"": ""90日間1.5倍""}, {""株主名"": ""都築電気（株）"", ""比率"": ""3.30％"", ""ロックアップ"": ""90日間1.5倍""}, {""株主名"": ""金 秉都"", ""比率"": ""2.84％"", ""ロックアップ"": ""90日間1.5倍""}, {""株主名"": ""岡谷鋼機（株）"", ""比率"": ""1.45％"", ""ロックアップ"": ""90日間1.5倍""}, {""株主名"": ""飛島建設（株）"", ""比率"": ""1.45％"", ""ロックアップ"": ""90日間1.5倍""}, {""株主名"": ""布目 章次"", ""比率"": ""1.12％"", ""ロックアップ"": """"}, {""株主名"": ""杉山 賢治"", ""比率"": ""0.73％"", ""ロックアップ"": ""90日間1.5倍""}]"	{}
ハンモック	173A	/company/2024/hammock.html	ハンモック（173A）　【東証グロース】	https://www.hammock.jp/	1994年4月（30年目）		"[{""株主名"": ""若山 大典（社長）"", ""比率"": ""44.39％"", ""ロックアップ"": ""180日間""}, {""株主名"": ""若山 正美"", ""比率"": ""25.23％"", ""ロックアップ"": ""180日間""}, {""株主名"": ""若山 悠"", ""比率"": ""11.91％"", ""ロックアップ"": ""180日間""}, {""株主名"": ""高野 紀子"", ""比率"": ""10.51％"", ""ロックアップ"": ""180日間""}, {""株主名"": ""若山 知子"", ""比率"": ""3.27％"", ""ロックアップ"": ""180日間""}, {""株主名"": ""水元 敬也"", ""比率"": ""1.17％"", ""ロックアップ"": ""180日間""}, {""株主名"": ""ハンモック従業員持株会"", ""比率"": ""0.61％"", ""ロックアップ"": ""継続保有""}, {""株主名"": ""冨來 美穂子"", ""比率"": ""0.20％"", ""ロックアップ"": ""180日間""}, {""株主名"": ""米野 雅士"", ""比率"": ""0.12％"", ""ロックアップ"": ""180日間""}, {""株主名"": ""通事 大作"", ""比率"": ""0.12％"", ""ロックアップ"": ""180日間""}]"	{}
イタミアート	168A	/company/2024/itamiarts.html	イタミアート（168A）　【東証グロース】	https://www.itamiarts.co.jp/	1999年2月（26年目）		"[{""株主名"": ""（株）イタミホールディングス"", ""比率"": ""48.78％"", ""ロックアップ"": ""180日間""}, {""株主名"": ""伊丹 一晃（社長）"", ""比率"": ""33.73％"", ""ロックアップ"": ""180日間""}, {""株主名"": ""K&Pパートナーズ3号投資事業有限責任組合"", ""比率"": ""7.82％"", ""ロックアップ"": ""90日間1.5倍""}, {""株主名"": ""識学1号投資事業有限責任組合"", ""比率"": ""3.22％"", ""ロックアップ"": ""90日間1.5倍""}, {""株主名"": ""伊丹 礼子"", ""比率"": ""2.12％"", ""ロックアップ"": ""180日間""}, {""株主名"": ""渡邊 淳也"", ""比率"": ""0.77％"", ""ロックアップ"": ""180日間""}, {""株主名"": ""伊丹 亮平"", ""比率"": ""0.65％"", ""ロックアップ"": ""180日間""}, {""株主名"": ""渡邊 史枝"", ""比率"": ""0.59％"", ""ロックアップ"": ""180日間""}, {""株主名"": ""河田 肇"", ""比率"": ""0.28％"", ""ロックアップ"": ""180日間""}, {""株主名"": ""野瀬 洋輔"", ""比率"": ""0.28％"", ""ロックアップ"": ""180日間""}]"	{}
アズパートナーズ	160A	/company/2024/as-partners.html	アズパートナーズ（160A）　【東証スタンダード】	https://www.as-partners.co.jp	2004年11月（20年目）		"[{""株主名"": ""（株）ブレス"", ""比率"": ""43.49％"", ""ロックアップ"": ""90日間""}, {""株主名"": ""MIRARTHホールディングス（株）"", ""比率"": ""19.33％"", ""ロックアップ"": ""90日間""}, {""株主名"": ""植村 健志（社長）"", ""比率"": ""14.66％"", ""ロックアップ"": ""90日間""}, {""株主名"": ""伊藤 啓敏"", ""比率"": ""6.28％"", ""ロックアップ"": ""90日間""}, {""株主名"": ""山本 皇自"", ""比率"": ""6.04％"", ""ロックアップ"": ""90日間""}, {""株主名"": ""アズパートナーズ従業員持株会"", ""比率"": ""2.38％"", ""ロックアップ"": ""180日間""}, {""株主名"": ""松尾 篤人"", ""比率"": ""1.84％"", ""ロックアップ"": ""90日間""}, {""株主名"": ""吉田 健一"", ""比率"": ""0.97％"", ""ロックアップ"": ""90日間""}, {""株主名"": ""長谷部 裕樹"", ""比率"": ""0.48％"", ""ロックアップ"": ""90日間""}, {""株主名"": ""若月 晃"", ""比率"": ""0.48％"", ""ロックアップ"": ""90日間""}]"	{}
グリーンモンスター	157A	/company/2024/greenmonster.html	グリーンモンスター（157A）　【東証グロース】	https://greenmonster.co.jp/	2013年7月（11年目）		"[{""株主名"": ""小川 亮（社長）"", ""比率"": ""46.76％"", ""ロックアップ"": ""180日間""}, {""株主名"": ""WMグロース4号投資事業有限責任組合"", ""比率"": ""24.28％"", ""ロックアップ"": ""90日間1.5倍""}, {""株主名"": ""藤沢 亜理沙 (戸籍名:豊田 亜理沙)"", ""比率"": ""11.47％"", ""ロックアップ"": ""180日間""}, {""株主名"": ""中村 直樹"", ""比率"": ""6.52％"", ""ロックアップ"": ""180日間""}, {""株主名"": ""久保 ひふみ"", ""比率"": ""3.99％"", ""ロックアップ"": ""90日間1.5倍""}, {""株主名"": ""（株）KINOCOS"", ""比率"": ""1.45％"", ""ロックアップ"": ""180日間""}, {""株主名"": ""Don’t Look Back in Anger（株）"", ""比率"": ""1.09％"", ""ロックアップ"": ""180日間""}, {""株主名"": ""室町 智之"", ""比率"": ""0.58％"", ""ロックアップ"": ""継続保有""}, {""株主名"": ""宮島 創"", ""比率"": ""0.43％"", ""ロックアップ"": ""継続保有""}, {""株主名"": ""井口 沙耶香"", ""比率"": ""0.38％"", ""ロックアップ"": ""継続保有""}]"	{}
マテリアルグループ	156A	/company/2024/materialgroup.html	マテリアルグループ（156A）　【東証グロース】	https://materialgroup.jp/	2014年8月（10年目）		"[{""株主名"": ""戦略PR投資事業有限責任組合"", ""比率"": ""61.95％"", ""ロックアップ"": ""180日間""}, {""株主名"": ""10X Investment Ltd."", ""比率"": ""19.97％"", ""ロックアップ"": ""180日間""}, {""株主名"": ""馬場 沙紀"", ""比率"": ""5.35％"", ""ロックアップ"": ""継続保有""}, {""株主名"": ""Retweet and Share Ltd."", ""比率"": ""5.20％"", ""ロックアップ"": ""180日間""}, {""株主名"": ""青﨑 曹（社長）"", ""比率"": ""2.01％"", ""ロックアップ"": ""360日間""}, {""株主名"": ""関 航"", ""比率"": ""1.46％"", ""ロックアップ"": ""360日間""}, {""株主名"": ""吉田 和樹"", ""比率"": ""1.39％"", ""ロックアップ"": ""360日間""}, {""株主名"": ""竹中 久貴"", ""比率"": ""0.34％"", ""ロックアップ"": ""360日間""}, {""株主名"": ""伍 卯"", ""比率"": ""0.24％"", ""ロックアップ"": ""180日間""}, {""株主名"": ""馬場 亮平"", ""比率"": ""0.22％"", ""ロックアップ"": ""継続保有""}]"	{}
カウリス	153A	/company/2024/caulis.html, /owner/win.html					[]	{}
情報戦略テクノロジー	155A	/company/2024/is-tech.html	情報戦略テクノロジー（155A）　【東証グロース】	https://www.is-tech.co.jp/	2009年1月（16年目）		"[{""株主名"": ""髙井 淳（社長）"", ""比率"": ""47.42％"", ""ロックアップ"": ""180日間""}, {""株主名"": ""（株）ISTホールディングス"", ""比率"": ""37.08％"", ""ロックアップ"": ""180日間""}, {""株主名"": ""コタエル信託（株）"", ""比率"": ""6.99％"", ""ロックアップ"": ""180日間""}, {""株主名"": ""近藤 将人"", ""比率"": ""2.97％"", ""ロックアップ"": ""180日間""}, {""株主名"": ""礒谷 幸始"", ""比率"": ""2.80％"", ""ロックアップ"": ""180日間""}, {""株主名"": ""情報戦略テクノロジー社員持株会"", ""比率"": ""1.75％"", ""ロックアップ"": ""180日間""}, {""株主名"": ""廣田 重徳"", ""比率"": ""1.00％"", ""ロックアップ"": ""180日間""}]"	{}
シンカ	149A	/company/2024/thinca.html	シンカ（149A）　【東証グロース】	https://www.thinca.co.jp/	2014年1月（11年目）		"[{""株主名"": ""江尻 高宏（社長）"", ""比率"": ""17.20％"", ""ロックアップ"": ""180日間""}, {""株主名"": ""DCIベンチャー成長支援投資事業有限責任組合"", ""比率"": ""16.72％"", ""ロックアップ"": ""90日間1.5倍""}, {""株主名"": ""（株）ナンディ"", ""比率"": ""9.08％"", ""ロックアップ"": ""180日間""}, {""株主名"": ""SBI AI&Blockchain投資事業有限責任組合"", ""比率"": ""8.10％"", ""ロックアップ"": ""90日間1.5倍""}, {""株主名"": ""東京神奈川イノベーション応援1号投資事業有限責任組合"", ""比率"": ""4.52％"", ""ロックアップ"": ""90日間1.5倍""}, {""株主名"": ""リード・グロース3号投資事業有限責任組合"", ""比率"": ""4.41％"", ""ロックアップ"": ""90日間1.5倍""}, {""株主名"": ""NVCC8号投資事業有限責任組合"", ""比率"": ""3.76％"", ""ロックアップ"": ""90日間1.5倍""}, {""株主名"": ""スターティアレイズ（株）"", ""比率"": ""3.37％"", ""ロックアップ"": ""90日間1.5倍""}, {""株主名"": ""（株）J.C.O.S"", ""比率"": ""3.24％"", ""ロックアップ"": ""90日間1.5倍""}, {""株主名"": ""池田 吉史"", ""比率"": ""3.11％"", ""ロックアップ"": ""180日間""}]"	{}
ダイブ	151A	/company/2024/dive.html, /owner/win.html					[]	{}
コロンビア・ワークス	146A	/company/2024/columbiaworks.html	コロンビア・ワークス（146A）　【東証スタンダード】	https://columbiaworks.jp	2013年5月（11年目）		"[{""株主名"": ""Nstyle（株）"", ""比率"": ""52.00％"", ""ロックアップ"": ""90日間""}, {""株主名"": ""中内 準（社長）"", ""比率"": ""41.40％"", ""ロックアップ"": ""90日間""}, {""株主名"": ""水山 直也"", ""比率"": ""6.60％"", ""ロックアップ"": ""90日間""}]"	{}
ハッチ・ワーク	148A	/company/2024/hatchwork.html	ハッチ・ワーク（148A）　【東証グロース】	https://hatchwork.co.jp/	2000年6月（24年目）		"[{""株主名"": ""（株）大竹アンドパートナーズ"", ""比率"": ""25.27％"", ""ロックアップ"": ""180日間""}, {""株主名"": ""（株）ダイナエッグ"", ""比率"": ""15.03％"", ""ロックアップ"": ""180日間""}, {""株主名"": ""大竹 弘"", ""比率"": ""11.49％"", ""ロックアップ"": ""180日間""}, {""株主名"": ""増田 知平（社長）"", ""比率"": ""10.02％"", ""ロックアップ"": ""180日間""}, {""株主名"": ""ENEOSイノベーションパートナーズ合同会社"", ""比率"": ""6.34％"", ""ロックアップ"": ""180日間""}, {""株主名"": ""EEI4号イノベーション&インパクト投資事業有限責任組合"", ""比率"": ""3.25％"", ""ロックアップ"": ""90日間\r\n1.5倍""}, {""株主名"": ""イノベーション・エンジンPOC第2号投資事業有限責任組合"", ""比率"": ""2.97％"", ""ロックアップ"": ""90日間\r\n1.5倍""}, {""株主名"": ""IEファスト&エクセレント投資事業有限責任組合"", ""比率"": ""2.75％"", ""ロックアップ"": ""90日間\r\n1.5倍""}, {""株主名"": ""谷 正男"", ""比率"": ""2.48％"", ""ロックアップ"": ""180日間""}, {""株主名"": ""マーキュリア・ビズテック投資事業有限責任組合"", ""比率"": ""2.11％"", ""ロックアップ"": ""90日間1.5倍""}]"	{}
JSH	150A	/company/2024/jsh-japan.html, /owner/win.html					[]	{}
L is B	145A	/company/2024/l-is-b.html	L is B[エルイズビー]（145A）　【東証グロース】	https://l-is-b.com/ja/ir/notice/	2010年9月（14年目）		"[{""株主名"": ""（株）Well Side"", ""比率"": ""33.43％"", ""ロックアップ"": ""90日間""}, {""株主名"": ""横井 太輔（社長）"", ""比率"": ""14.08％"", ""ロックアップ"": ""90日間""}, {""株主名"": ""（株）インターネットイニシアティブ"", ""比率"": ""6.86％"", ""ロックアップ"": """"}, {""株主名"": ""（株）チェンジホールディングス"", ""比率"": ""6.58％"", ""ロックアップ"": ""90日間""}, {""株主名"": ""DCIベンチャー成長支援投資事業有限責任組合"", ""比率"": ""5.85％"", ""ロックアップ"": ""90日間1.5倍""}, {""株主名"": ""アズワン（株）"", ""比率"": ""4.39％"", ""ロックアップ"": ""90日間""}, {""株主名"": ""浮川 和宣"", ""比率"": ""2.63％"", ""ロックアップ"": ""90日間""}, {""株主名"": ""（株）サンロフト"", ""比率"": ""1.76％"", ""ロックアップ"": ""90日間""}, {""株主名"": ""（株）QTnet"", ""比率"": ""1.76％"", ""ロックアップ"": ""90日間""}, {""株主名"": ""城戸 猛"", ""比率"": ""1.54％"", ""ロックアップ"": ""90日間""}]"	{}
ソラコム	147A	/company/2024/soracom.html	ソラコム（147A）　【東証グロース】	https://soracom.com/ja-jp/	2014年11月（10年目）		"[{""株主名"": ""KDDI（株）"", ""比率"": ""58.22％"", ""ロックアップ"": ""180日間""}, {""株主名"": ""玉川 憲（社長）"", ""比率"": ""7.70％"", ""ロックアップ"": ""180日間""}, {""株主名"": ""舩渡 大地"", ""比率"": ""7.62％"", ""ロックアップ"": ""180日間""}, {""株主名"": ""安川 健太"", ""比率"": ""5.27％"", ""ロックアップ"": ""180日間""}, {""株主名"": ""セコム（株）"", ""比率"": ""2.22％"", ""ロックアップ"": ""180日間""}, {""株主名"": ""ソースネクスト（株）"", ""比率"": ""2.22％"", ""ロックアップ"": ""180日間""}, {""株主名"": ""ソニーグループ（株）"", ""比率"": ""2.22％"", ""ロックアップ"": ""180日間""}, {""株主名"": ""日本瓦斯（株）"", ""比率"": ""2.22％"", ""ロックアップ"": ""180日間""}, {""株主名"": ""（株）日立製作所"", ""比率"": ""2.22％"", ""ロックアップ"": ""180日間""}, {""株主名"": ""WiL Ventures III, L.P.(常任代理人 （株）WiL)"", ""比率"": ""2.22％"", ""ロックアップ"": """"}]"	{}
イシン	143A	/company/2024/ishin.html	イシン（143A）　【東証グロース】	https://ishin1853.co.jp/	2005年4月（19年目）		"[{""株主名"": ""（株）Bright Stone"", ""比率"": ""44.76％"", ""ロックアップ"": ""180日間""}, {""株主名"": ""明石 智義"", ""比率"": ""37.07％"", ""ロックアップ"": ""180日間""}, {""株主名"": ""松浦 道生"", ""比率"": ""4.24％"", ""ロックアップ"": ""180日間""}, {""株主名"": ""村口 和孝"", ""比率"": ""3.14％"", ""ロックアップ"": ""180日間""}, {""株主名"": ""片岡 聡（社長）"", ""比率"": ""3.02％"", ""ロックアップ"": ""180日間""}, {""株主名"": ""吉田 秀明"", ""比率"": ""1.88％"", ""ロックアップ"": ""180日間""}, {""株主名"": ""丸山 広大"", ""比率"": ""1.88％"", ""ロックアップ"": ""180日間""}, {""株主名"": ""松本 大"", ""比率"": ""1.25％"", ""ロックアップ"": ""180日間""}, {""株主名"": ""西中 大史"", ""比率"": ""0.59％"", ""ロックアップ"": ""180日間""}, {""株主名"": ""吉川 慶"", ""比率"": ""0.42％"", ""ロックアップ"": ""継続保有""}]"	{}
ジンジブ	142A	/company/2024/jinjib.html	ジンジブ（142A）　【東証グロース】	https://jinjib.co.jp/	2015年3月（9年目）		"[{""株主名"": ""佐々木 満秀（社長）"", ""比率"": ""74.54％"", ""ロックアップ"": ""180日間""}, {""株主名"": ""三菱UFJキャピタル7号投資事業有限責任組合"", ""比率"": ""10.09％"", ""ロックアップ"": ""90日間1.5倍""}, {""株主名"": ""ナントCVC2号投資事業有限責任組合"", ""比率"": ""3.88％"", ""ロックアップ"": ""90日間1.5倍""}, {""株主名"": ""海老根 智仁"", ""比率"": ""2.33％"", ""ロックアップ"": ""180日間""}, {""株主名"": ""森 隆史"", ""比率"": ""1.76％"", ""ロックアップ"": ""180日間""}, {""株主名"": ""森田 司"", ""比率"": ""1.15％"", ""ロックアップ"": ""180日間""}, {""株主名"": ""渡邊 圭美"", ""比率"": ""1.07％"", ""ロックアップ"": ""180日間""}, {""株主名"": ""新田 圭"", ""比率"": ""0.99％"", ""ロックアップ"": ""180日間""}, {""株主名"": ""長谷川 佳紀"", ""比率"": ""0.99％"", ""ロックアップ"": ""180日間""}, {""株主名"": ""池田 良介"", ""比率"": ""0.78％"", ""ロックアップ"": ""180日間""}]"	{}
STG	5858	/company/2024/stgroup.html	STG[エスティージー]（5858）　【東証グロース】	https://www.stgroup.jp/	1982年6月（42年目）		"[{""株主名"": ""佐藤 輝明（社長）"", ""比率"": ""32.48％"", ""ロックアップ"": ""180日間""}, {""株主名"": ""TNP中小企業・ベンチャー企業成長応 援投資事業有限責任組合"", ""比率"": ""14.68％"", ""ロックアップ"": ""90日間1.5倍""}, {""株主名"": ""佐藤 武幸"", ""比率"": ""10.26％"", ""ロックアップ"": ""180日間""}, {""株主名"": ""三菱UFJキャピタル3号投資事業 有限責任組合"", ""比率"": ""8.61％"", ""ロックアップ"": """"}, {""株主名"": ""KSP3号投資事業有限責任組合"", ""比率"": ""6.15％"", ""ロックアップ"": """"}, {""株主名"": ""森田 泰成"", ""比率"": ""5.41％"", ""ロックアップ"": ""180日間""}, {""株主名"": ""兼光 喜彦"", ""比率"": ""5.17％"", ""ロックアップ"": ""180日間""}, {""株主名"": ""ごうぎんキャピタル3号投資事業有 限責任組合"", ""比率"": ""4.92％"", ""ロックアップ"": """"}, {""株主名"": ""島根県産業活性化投資事業有限責任 組合"", ""比率"": ""3.51％"", ""ロックアップ"": """"}, {""株主名"": ""KSP4号投資事業有限責任組合"", ""比率"": ""2.46％"", ""ロックアップ"": """"}]"	{}
トライアルホールディングス	141A	/company/2024/trial-holdings.html	トライアルホールディングス（141A）　【東証グロース】	https://trial-holdings.inc	2015年9月（9年目）		"[{""株主名"": ""（株）ティー・エイチ・シー"", ""比率"": ""66.52％"", ""ロックアップ"": ""180日間""}, {""株主名"": ""（株）Heroic investment"", ""比率"": ""9.45％"", ""ロックアップ"": ""180日間""}, {""株主名"": ""永田 久男"", ""比率"": ""1.98％"", ""ロックアップ"": ""180日間""}, {""株主名"": ""（株）PALTAC"", ""比率"": ""1.21％"", ""ロックアップ"": ""180日間""}, {""株主名"": ""サントリー（株）"", ""比率"": ""1.01％"", ""ロックアップ"": ""180日間""}, {""株主名"": ""三井食品（株）"", ""比率"": ""1.01％"", ""ロックアップ"": ""180日間""}, {""株主名"": ""ヤマエ久野（株）"", ""比率"": ""1.01％"", ""ロックアップ"": ""180日間""}, {""株主名"": ""加藤産業（株）"", ""比率"": ""0.60％"", ""ロックアップ"": ""180日間""}, {""株主名"": ""北尾 吉孝"", ""比率"": ""0.40％"", ""ロックアップ"": """"}, {""株主名"": ""SBIVenturesTwo（株）"", ""比率"": ""0.40％"", ""ロックアップ"": ""180日間""}]"	{}
