買	企業名	コード	ビジネスモデル	17業種	33業種	テンバガー指標	ノーバガー指標	PER	何倍株か	決算	決算伸び率%	IPO情報URL	有価証券報告書	IR	事業内容	想定時価総額（億円）	会社設立	上場日	市場	株主名と比率	企業業績のデータ（5年分）	管理人からのコメント	会社URL
	PRISM BioLab	206A										https://www.ipokiso.com/company/2024/prismbiolab.html	https://disclosure2dl.edinet-fsa.go.jp/searchdocument/pdf/S100TI1E.pdf	https://irbank.net/206A/ir	独自の創薬基盤（PepMetics技術）を用いた新規医薬品の研究・開発	153.8	2012年4月（13年目）	7月2日(火)	東証グロース	"[{""株主名"": ""DBJキャピタル投資事業有限責任組合"", ""比率"": 16.3, ""ロックアップ"": ""90日間1.5倍"", ""isCEO"": false}, {""株主名"": ""大和日台バイオベンチャー2号投資事業有限責任組合"", ""比率"": 12.05, ""ロックアップ"": ""90日間1.5倍"", ""isCEO"": false}, {""株主名"": ""WMグロース3号投資事業有限責任組合"", ""比率"": 11.09, ""ロックアップ"": ""90日間1.5倍"", ""isCEO"": false}, {""株主名"": ""ライフサイエンス3号投資事業有限責任組合"", ""比率"": 8.29, ""ロックアップ"": ""90日間1.5倍"", ""isCEO"": false}, {""株主名"": ""Eli Lilly and Company"", ""比率"": 6.99, ""ロックアップ"": ""継続保有"", ""isCEO"": false}, {""株主名"": ""竹原 大（社長）"", ""比率"": 6.37, ""ロックアップ"": ""180日間"", ""isCEO"": true}, {""株主名"": ""中島 喜一郎"", ""比率"": 5.23, ""ロックアップ"": ""180日間"", ""isCEO"": false}, {""株主名"": ""Newton Biocapital I Pricaf privée SA"", ""比率"": 3.49, ""ロックアップ"": ""90日間1.5倍"", ""isCEO"": false}, {""株主名"": ""santec Holdings(株)"", ""比率"": 3.49, ""ロックアップ"": ""継続保有"", ""isCEO"": false}, {""株主名"": ""大原薬品工業(株)"", ""比率"": 2.8, ""ロックアップ"": ""180日間"", ""isCEO"": false}]"	"[{""売上高（百万円）"": {""2020年9月"": null, ""2021年9月"": null, ""2022年9月"": null, ""2023年9月"": null}}, {""経常利益（百万円）"": {""2020年9月"": null, ""2021年9月"": null, ""2022年9月"": null, ""2023年9月"": null}}, {""当期純利益（百万円）"": {""2020年9月"": null, ""2021年9月"": null, ""2022年9月"": null, ""2023年9月"": null}}, {""純資産額（百万円）"": {""2020年9月"": null, ""2021年9月"": null, ""2022年9月"": null, ""2023年9月"": null}}, {""1株あたりの純資産額（円）"": {""2020年9月"": null, ""2021年9月"": null, ""2022年9月"": null, ""2023年9月"": null}}, {""1株あたりの純利益（円）"": {""2020年9月"": null, ""2021年9月"": null, ""2022年9月"": null, ""2023年9月"": null}}, {""自己資本比率（％）"": {""2020年9月"": null, ""2021年9月"": null, ""2022年9月"": null, ""2023年9月"": null}}, {""自己資本利益率（％）"": {""2020年9月"": null, ""2021年9月"": null, ""2022年9月"": null, ""2023年9月"": null}}]"	PRISM BioLab[プリズムバイオラボ]（206A）、細胞内や細胞外のタンパク質同士の相互作用を制御する独自の創薬基盤技術（PepMetics）を活用した医薬品の研究開発をおこなっています。現状は新薬開発における研究開発費が売り上げを大きく上回っており、赤字が続いています。	https://prismbiolab.com/
	ロゴスホールディングス	205A										https://www.ipokiso.com/company/2024/logos-holdings.html	https://disclosure2dl.edinet-fsa.go.jp/searchdocument/pdf/S100THRK.pdf	https://irbank.net/205A/ir	デジタルマーケティング集客およびDXによる効率的なオペレーションを活用した注文住宅事業	89.5	2020年7月（4年目）	6月28日(金)	東証グロース	"[{""株主名"": ""エンデバー・ユナイテッド2号投資事業有限責任組合"", ""比率"": 84.26, ""ロックアップ"": ""1.5倍"", ""isCEO"": false}, {""株主名"": ""（株）チキンシープ"", ""比率"": 7.46, ""ロックアップ"": ""180日間"", ""isCEO"": false}, {""株主名"": ""池田 雄一（社長）"", ""比率"": 1.17, ""ロックアップ"": ""180日間"", ""isCEO"": true}, {""株主名"": ""（株）BOSS"", ""比率"": 0.86, ""ロックアップ"": ""180日間"", ""isCEO"": false}, {""株主名"": ""岩永 武也"", ""比率"": 0.64, ""ロックアップ"": ""継続保有"", ""isCEO"": false}, {""株主名"": ""竹田 純"", ""比率"": 0.52, ""ロックアップ"": ""180日間"", ""isCEO"": false}, {""株主名"": ""平山 純太"", ""比率"": 0.38, ""ロックアップ"": ""継続保有"", ""isCEO"": false}, {""株主名"": ""神山 周市"", ""比率"": 0.37, ""ロックアップ"": ""継続保有"", ""isCEO"": false}, {""株主名"": ""谷口 文弥"", ""比率"": 0.23, ""ロックアップ"": ""180日間"", ""isCEO"": false}, {""株主名"": ""池田 俊"", ""比率"": 0.23, ""ロックアップ"": ""180日間"", ""isCEO"": false}]"	"[{""売上高（百万円）"": {""2021年5月"": null, ""2022年5月"": null, ""2023年5月"": null, ""2023年5月（第3四半期）"": null}}, {""経常利益（百万円）"": {""2021年5月"": null, ""2022年5月"": null, ""2023年5月"": null, ""2023年5月（第3四半期）"": null}}, {""当期純利益（百万円）"": {""2021年5月"": null, ""2022年5月"": null, ""2023年5月"": null, ""2023年5月（第3四半期）"": null}}, {""純資産額（百万円）"": {""2021年5月"": null, ""2022年5月"": null, ""2023年5月"": null, ""2023年5月（第3四半期）"": null}}, {""1株あたりの純資産額（円）"": {""2021年5月"": null, ""2022年5月"": null, ""2023年5月"": null, ""2023年5月（第3四半期）"": null}}, {""1株あたりの純利益（円）"": {""2021年5月"": null, ""2022年5月"": null, ""2023年5月"": null, ""2023年5月（第3四半期）"": null}}, {""自己資本比率（％）"": {""2021年5月"": null, ""2022年5月"": null, ""2023年5月"": null, ""2023年5月（第3四半期）"": null}}, {""自己資本利益率（％）"": {""2021年5月"": null, ""2022年5月"": null, ""2023年5月"": null, ""2023年5月（第3四半期）"": null}}]"	ロゴスホールディングス（205A）、北海道を中心に注文住宅・分譲住宅の販売をおこなっています。直近の業績推移を見ると、2023年5月期は第3四半期時点で売上20,257百万円となっており、売り上げの伸びが鈍化しているように見えます。	https://logos-holdings.jp/
	豆蔵デジタルホールディングス	202A										https://www.ipokiso.com/company/2024/mamezo-dhd.html	https://disclosure2dl.edinet-fsa.go.jp/searchdocument/pdf/S100THGQ.pdf	https://irbank.net/202A/ir	企業のデジタルシフトを実現し、顧客とともにデジタル競争力を高めるためのクラウドコンサルティングサービス、AIコンサルティングサービス、AIロボティクス・エンジニアリングサービス、モビリティ・オートメーションサービス	205.4	2020年11月（4年目）	6月27日(木)	東証グロース	"[{""株主名"": ""（株）豆蔵K2TOPホールディングス"", ""比率"": 96.74, ""ロックアップ"": ""180日間"", ""isCEO"": false}, {""株主名"": ""中原 徹也（社長）"", ""比率"": 1.12, ""ロックアップ"": ""継続保有"", ""isCEO"": true}, {""株主名"": ""宮田 賢治"", ""比率"": 0.11, ""ロックアップ"": ""継続保有"", ""isCEO"": false}, {""株主名"": ""牟田 嘉寿"", ""比率"": 0.1, ""ロックアップ"": ""継続保有"", ""isCEO"": false}, {""株主名"": ""福富 三雄"", ""比率"": 0.09, ""ロックアップ"": ""継続保有"", ""isCEO"": false}, {""株主名"": ""平田 雅敏"", ""比率"": 0.08, ""ロックアップ"": ""継続保有"", ""isCEO"": false}, {""株主名"": ""日比生 和彦"", ""比率"": 0.08, ""ロックアップ"": ""継続保有"", ""isCEO"": false}, {""株主名"": ""金子 聖史"", ""比率"": 0.07, ""ロックアップ"": ""継続保有"", ""isCEO"": false}, {""株主名"": ""南雲 暢之"", ""比率"": 0.07, ""ロックアップ"": ""継続保有"", ""isCEO"": false}, {""株主名"": ""粟津 雅浩"", ""比率"": 0.05, ""ロックアップ"": ""継続保有"", ""isCEO"": false}]"	"[{""売上高（百万円）"": {""2021年3月"": null, ""2022年3月"": null, ""2023年3月"": null, ""2024年3月（第3四半期）"": null}}, {""経常利益（百万円）"": {""2021年3月"": null, ""2022年3月"": null, ""2023年3月"": null, ""2024年3月（第3四半期）"": null}}, {""当期純利益（百万円）"": {""2021年3月"": null, ""2022年3月"": null, ""2023年3月"": null, ""2024年3月（第3四半期）"": null}}, {""純資産額（百万円）"": {""2021年3月"": null, ""2022年3月"": null, ""2023年3月"": null, ""2024年3月（第3四半期）"": null}}, {""1株あたりの純資産額（円）"": {""2021年3月"": null, ""2022年3月"": null, ""2023年3月"": null, ""2024年3月（第3四半期）"": null}}, {""1株あたりの純利益（円）"": {""2021年3月"": null, ""2022年3月"": null, ""2023年3月"": null, ""2024年3月（第3四半期）"": null}}, {""自己資本比率（％）"": {""2021年3月"": null, ""2022年3月"": null, ""2023年3月"": null, ""2024年3月（第3四半期）"": null}}, {""自己資本利益率（％）"": {""2021年3月"": null, ""2022年3月"": null, ""2023年3月"": null, ""2024年3月（第3四半期）"": null}}]"	豆蔵デジタルホールディングス（202A）、様々な情報をクラウド上で一元管理するシステムの導入支援をおこなう「クラウドコンサルティング事業」、業務にAIを導入し効率化を推進する「AIコンサルティング事業、AIロボティクス・エンジニアリング事業」、自動車業界におけるCASE（通信機能、自動化、カーシェアリング、電動自動車）対応支援をおこなう「モビリティ・オートメーション事業」を展開しています。	https://www.mamezo-dhd.com/
	MFS	196A										https://www.ipokiso.com/company/2024/mortgagefss.html	https://disclosure2dl.edinet-fsa.go.jp/searchdocument/pdf/S100TGHH.pdf	https://irbank.net/196A/ir	オンライン住宅ローンサービス『モゲチェック』の開発・提供、不動産投資の総合プラットフォーム『INVASE』の開発・提供	36.3	2009年7月（15年目）	6月21日(金)	東証グロース	"[{""株主名"": ""中山田 明（社長）"", ""比率"": 23.05, ""ロックアップ"": ""180日間"", ""isCEO"": true}, {""株主名"": ""JICベンチャー・グロース・ファンド1号投資事業有限責任組合"", ""比率"": 11.6, ""ロックアップ"": ""180日間1.5倍"", ""isCEO"": false}, {""株主名"": ""塩澤 崇"", ""比率"": 8.57, ""ロックアップ"": ""180日間"", ""isCEO"": false}, {""株主名"": ""テクノロジーベンチャーズ5号投資事業有限責任組合"", ""比率"": 6.62, ""ロックアップ"": ""180日間1.5倍"", ""isCEO"": false}, {""株主名"": ""グロービス5号ファンド投資事業有限責任組合"", ""比率"": 6.52, ""ロックアップ"": ""180日間1.5倍"", ""isCEO"": false}, {""株主名"": ""BIG1号投資事業有限責任組合"", ""比率"": 4.37, ""ロックアップ"": """", ""isCEO"": false}, {""株主名"": ""YJ2号投資事業組合"", ""比率"": 4.05, ""ロックアップ"": """", ""isCEO"": false}, {""株主名"": ""Globis Fund V, L.P."", ""比率"": 2.79, ""ロックアップ"": ""180日間1.5倍"", ""isCEO"": false}, {""株主名"": ""ジー・エス・グロース・インベストメント合同会社"", ""比率"": 2.71, ""ロックアップ"": """", ""isCEO"": false}, {""株主名"": ""マネックスベンチャーズ（株）"", ""比率"": 2.14, ""ロックアップ"": """", ""isCEO"": false}]"	"[{""売上高（百万円）"": {""2020年6月"": null, ""2021年6月"": null, ""2022年6月"": null, ""2023年6月"": null}}, {""経常利益（百万円）"": {""2020年6月"": null, ""2021年6月"": null, ""2022年6月"": null, ""2023年6月"": null}}, {""当期純利益（百万円）"": {""2020年6月"": null, ""2021年6月"": null, ""2022年6月"": null, ""2023年6月"": null}}, {""純資産額（百万円）"": {""2020年6月"": null, ""2021年6月"": null, ""2022年6月"": null, ""2023年6月"": null}}, {""1株あたりの純資産額（円）"": {""2020年6月"": null, ""2021年6月"": null, ""2022年6月"": null, ""2023年6月"": null}}, {""1株あたりの純利益（円）"": {""2020年6月"": null, ""2021年6月"": null, ""2022年6月"": null, ""2023年6月"": null}}, {""自己資本比率（％）"": {""2020年6月"": null, ""2021年6月"": null, ""2022年6月"": null, ""2023年6月"": null}}, {""自己資本利益率（％）"": {""2020年6月"": null, ""2021年6月"": null, ""2022年6月"": null, ""2023年6月"": null}}]"	MFS[エムエフエス]（196A）、住宅ローンの借り入れや借り換えを検討するユーザーに対して、借入可能額・融資承認確率などの情報を算出するオンラインサービス「モゲチェック」などを提供しています。直近の業績推移を見ると、売り上げが右肩上がりで伸びており、今後の成長性も感じられます。	https://www.mortgagefss.jp/
	タウンズ	197A										https://www.ipokiso.com/company/2024/tauns.html	https://disclosure2dl.edinet-fsa.go.jp/searchdocument/pdf/S100TGH4.pdf	https://irbank.net/197A/ir	体外診断用医薬品、研究用試薬等の開発、製造および販売事業	440.0	2016年4月（9年目）	6月20日(木)	東証スタンダード	"[{""株主名"": ""CITIC Capital Japan Partners III, L.P."", ""比率"": 55.26, ""ロックアップ"": ""180日間"", ""isCEO"": false}, {""株主名"": ""野中 雅貴（社長）"", ""比率"": 30.82, ""ロックアップ"": ""180日間"", ""isCEO"": true}, {""株主名"": ""Ariake-T1 投資事業有限責任組合"", ""比率"": 5.56, ""ロックアップ"": ""180日間"", ""isCEO"": false}, {""株主名"": ""（株）くふうカンパニー"", ""比率"": 2.78, ""ロックアップ"": """", ""isCEO"": false}, {""株主名"": ""Ariake Secondary Fund I LP(常任代理人 あいざわアセットマネジメント（株）)"", ""比率"": 0.56, ""ロックアップ"": ""180日間"", ""isCEO"": false}, {""株主名"": ""CCJP III Co-Investment, L.P."", ""比率"": 0.34, ""ロックアップ"": ""180日間"", ""isCEO"": false}, {""株主名"": ""内山 義雄"", ""比率"": 0.15, ""ロックアップ"": ""180日間"", ""isCEO"": false}, {""株主名"": ""中澤 真士"", ""比率"": 0.14, ""ロックアップ"": ""180日間"", ""isCEO"": false}, {""株主名"": ""従業員"", ""比率"": 0.11, ""ロックアップ"": ""180日間"", ""isCEO"": false}, {""株主名"": ""従業員"", ""比率"": 0.11, ""ロックアップ"": ""180日間"", ""isCEO"": false}]"	"[{""売上高（百万円）"": {""2020年6月"": null, ""2021年6月"": null, ""2022年6月"": null, ""2023年6月"": null}}, {""経常利益（百万円）"": {""2020年6月"": null, ""2021年6月"": null, ""2022年6月"": null, ""2023年6月"": null}}, {""当期純利益（百万円）"": {""2020年6月"": null, ""2021年6月"": null, ""2022年6月"": null, ""2023年6月"": null}}, {""純資産額（百万円）"": {""2020年6月"": null, ""2021年6月"": null, ""2022年6月"": null, ""2023年6月"": null}}, {""1株あたりの純資産額（円）"": {""2020年6月"": null, ""2021年6月"": null, ""2022年6月"": null, ""2023年6月"": null}}, {""1株あたりの純利益（円）"": {""2020年6月"": null, ""2021年6月"": null, ""2022年6月"": null, ""2023年6月"": null}}, {""自己資本比率（％）"": {""2020年6月"": null, ""2021年6月"": null, ""2022年6月"": null, ""2023年6月"": null}}, {""自己資本利益率（％）"": {""2020年6月"": null, ""2021年6月"": null, ""2022年6月"": null, ""2023年6月"": null}}]"	タウンズ（197A）、特別な装置を必要とせず、患者のそばで「新型コロナウイルス」や「インフルエンザ」などの感染症をすみやかに診断するキットを製造・販売しています。2020年から新型コロナウイルスを診断する検査キットが発売され、業績が急拡大しています。今後の業績推移に関しては、新型コロナウイルスの流行度に大きく影響を受けそうです。	https://www.tauns.co.jp/
	WOLVES HAND	194A										https://www.ipokiso.com/company/2024/wolveshand.html	https://disclosure2dl.edinet-fsa.go.jp/searchdocument/pdf/S100TG7H.pdf	https://irbank.net/194A/ir	一次診療から高度医療まで対応可能な動物病院運営、その他周辺事業（トリミングサロン運営、動物病院向けシステム開発、獣医療関係者向け教育コンテンツ配信等）	60.2	2019年4月（6年目）	6月20日(木)	東証グロース	"[{""株主名"": ""北井　正志（社長）"", ""比率"": 42.08, ""ロックアップ"": ""180日間"", ""isCEO"": true}, {""株主名"": ""J-STAR No.3 SS, LP"", ""比率"": 20.31, ""ロックアップ"": ""180日間1.5倍"", ""isCEO"": false}, {""株主名"": ""J-STAR No.3 JF, LP"", ""比率"": 10.52, ""ロックアップ"": ""180日間1.5倍"", ""isCEO"": false}, {""株主名"": ""J-STAR No.3 JC, LP"", ""比率"": 8.7, ""ロックアップ"": ""180日間1.5倍"", ""isCEO"": false}, {""株主名"": ""J-STAR No.3 GF, LP"", ""比率"": 8.66, ""ロックアップ"": ""180日間1.5倍"", ""isCEO"": false}, {""株主名"": ""山下　瞬"", ""比率"": 1.2, ""ロックアップ"": ""180日間"", ""isCEO"": false}, {""株主名"": ""J-STAR有限責任事業組合2016"", ""比率"": 1.07, ""ロックアップ"": ""180日間1.5倍"", ""isCEO"": false}, {""株主名"": ""池原　秀壱"", ""比率"": 0.66, ""ロックアップ"": ""180日間"", ""isCEO"": false}, {""株主名"": ""東野　利武"", ""比率"": 0.41, ""ロックアップ"": ""180日間"", ""isCEO"": false}, {""株主名"": ""水野　雄貴"", ""比率"": 0.38, ""ロックアップ"": ""180日間"", ""isCEO"": false}]"	"[{""売上高（百万円）"": {""2020年6月"": null, ""2021年6月"": null, ""2022年6月"": null, ""2023年6月"": null}}, {""経常利益（百万円）"": {""2020年6月"": null, ""2021年6月"": null, ""2022年6月"": null, ""2023年6月"": null}}, {""当期純利益（百万円）"": {""2020年6月"": null, ""2021年6月"": null, ""2022年6月"": null, ""2023年6月"": null}}, {""純資産額（百万円）"": {""2020年6月"": null, ""2021年6月"": null, ""2022年6月"": null, ""2023年6月"": null}}, {""1株あたりの純資産額（円）"": {""2020年6月"": null, ""2021年6月"": null, ""2022年6月"": null, ""2023年6月"": null}}, {""1株あたりの純利益（円）"": {""2020年6月"": null, ""2021年6月"": null, ""2022年6月"": null, ""2023年6月"": null}}, {""自己資本比率（％）"": {""2020年6月"": null, ""2021年6月"": null, ""2022年6月"": null, ""2023年6月"": null}}, {""自己資本利益率（％）"": {""2020年6月"": null, ""2021年6月"": null, ""2022年6月"": null, ""2023年6月"": null}}]"	WOLVES HAND[ウルブズハンド]（194A）、動物病院およびペットサロンの運営、動物病院向けソフトウエアの提供、獣医療教育セミナーの配信および医療用機械器具の製造・販売をおこなっています。動物病院向けソフトウエア「わん太郎」には、電子カルテや各種証明書の発行、顧客管理、会計管理などの機能があります。	https://wolveshand.jp/
	PostPrime	198A										https://www.ipokiso.com/company/2024/postprime.html	https://disclosure2dl.edinet-fsa.go.jp/searchdocument/pdf/S100TGHF.pdf	https://irbank.net/198A/ir	PostPrimeの運営	45.5	2020年9月（4年目）	6月20日(木)	東証グロース	"[{""株主名"": ""DAN TAKAHASHI LLC"", ""比率"": 79.27, ""ロックアップ"": ""180日間"", ""isCEO"": false}, {""株主名"": ""高橋 ダニエル 圭（社長）"", ""比率"": 8.81, ""ロックアップ"": ""180日間"", ""isCEO"": true}, {""株主名"": ""コタエル信託（株）"", ""比率"": 3.96, ""ロックアップ"": ""継続保有"", ""isCEO"": false}, {""株主名"": ""ヴー ヴァン チュン"", ""比率"": 1.98, ""ロックアップ"": ""継続保有"", ""isCEO"": false}, {""株主名"": ""羽鳥 有紀彦"", ""比率"": 1.32, ""ロックアップ"": ""継続保有"", ""isCEO"": false}, {""株主名"": ""従業員"", ""比率"": 0.55, ""ロックアップ"": ""継続保有"", ""isCEO"": false}, {""株主名"": ""従業員"", ""比率"": 0.44, ""ロックアップ"": ""継続保有"", ""isCEO"": false}, {""株主名"": ""従業員"", ""比率"": 0.44, ""ロックアップ"": ""継続保有"", ""isCEO"": false}, {""株主名"": ""従業員"", ""比率"": 0.4, ""ロックアップ"": ""継続保有"", ""isCEO"": false}, {""株主名"": ""従業員"", ""比率"": 0.4, ""ロックアップ"": ""継続保有"", ""isCEO"": false}]"	"[{""売上高（百万円）"": {""2021年5月"": null, ""2022年5月"": null, ""2023年5月"": null, ""2024年5月（第3四半期）"": null}}, {""経常利益（百万円）"": {""2021年5月"": null, ""2022年5月"": null, ""2023年5月"": null, ""2024年5月（第3四半期）"": null}}, {""当期純利益（百万円）"": {""2021年5月"": null, ""2022年5月"": null, ""2023年5月"": null, ""2024年5月（第3四半期）"": null}}, {""純資産額（百万円）"": {""2021年5月"": null, ""2022年5月"": null, ""2023年5月"": null, ""2024年5月（第3四半期）"": null}}, {""1株あたりの純資産額（円）"": {""2021年5月"": null, ""2022年5月"": null, ""2023年5月"": null, ""2024年5月（第3四半期）"": null}}, {""1株あたりの純利益（円）"": {""2021年5月"": null, ""2022年5月"": null, ""2023年5月"": null, ""2024年5月（第3四半期）"": null}}, {""自己資本比率（％）"": {""2021年5月"": null, ""2022年5月"": null, ""2023年5月"": null, ""2024年5月（第3四半期）"": null}}, {""自己資本利益率（％）"": {""2021年5月"": null, ""2022年5月"": null, ""2023年5月"": null, ""2024年5月（第3四半期）"": null}}]"	PostPrime[ポストプライム]（198A）、金融・経済分野のコンテンツを中心としたSNS「PostPrime」を運営しています。社長の「高橋ダニエル圭氏（ダン高橋）」は、自身も投資家ユーチューバーのインフルエンサーとして活躍しており、PostPrimeの今後の成長に大きく貢献してくれそうです。	https://corp.postprime.com/
	ライスカレー	195A										https://www.ipokiso.com/company/2024/ricecurry.html	https://disclosure2dl.edinet-fsa.go.jp/searchdocument/pdf/S100TG7Y.pdf	https://irbank.net/195A/ir	自社のSNSデータ分析ツールを駆使した企業のマーケティング支援および自社のブランド販売事業	42.2	2016年4月（9年目）	6月19日(水)	東証グロース	"[{""株主名"": ""大久保 遼（社長）"", ""比率"": 42.13, ""ロックアップ"": ""180日間"", ""isCEO"": true}, {""株主名"": ""GMOベンチャー通信スタートアップ支援（株）"", ""比率"": 4.46, ""ロックアップ"": ""90日間1.5倍"", ""isCEO"": false}, {""株主名"": ""川上 慶士"", ""比率"": 3.08, ""ロックアップ"": ""180日間"", ""isCEO"": false}, {""株主名"": ""（株）丸井グループ"", ""比率"": 2.9, ""ロックアップ"": ""継続保有"", ""isCEO"": false}, {""株主名"": ""みずほ成長支援第3号投資事業有限責任組合"", ""比率"": 2.78, ""ロックアップ"": ""90日間1.5倍"", ""isCEO"": false}, {""株主名"": ""森岡 祐平"", ""比率"": 2.77, ""ロックアップ"": ""180日間"", ""isCEO"": false}, {""株主名"": ""GMOメイクショップ（株）"", ""比率"": 2.69, ""ロックアップ"": ""180日間"", ""isCEO"": false}, {""株主名"": ""岩片 麻翔"", ""比率"": 2.32, ""ロックアップ"": ""180日間"", ""isCEO"": false}, {""株主名"": ""執行役員"", ""比率"": 2.31, ""ロックアップ"": ""継続保有"", ""isCEO"": false}, {""株主名"": ""執行役員"", ""比率"": 2.21, ""ロックアップ"": ""継続保有"", ""isCEO"": false}]"	"[{""売上高（百万円）"": {""2020年3月"": null, ""2021年3月"": null, ""2022年3月"": null, ""2023年3月"": null}}, {""経常利益（百万円）"": {""2020年3月"": null, ""2021年3月"": null, ""2022年3月"": null, ""2023年3月"": null}}, {""当期純利益（百万円）"": {""2020年3月"": null, ""2021年3月"": null, ""2022年3月"": null, ""2023年3月"": null}}, {""純資産額（百万円）"": {""2020年3月"": null, ""2021年3月"": null, ""2022年3月"": null, ""2023年3月"": null}}, {""1株あたりの純資産額（円）"": {""2020年3月"": null, ""2021年3月"": null, ""2022年3月"": null, ""2023年3月"": null}}, {""1株あたりの純利益（円）"": {""2020年3月"": null, ""2021年3月"": null, ""2022年3月"": null, ""2023年3月"": null}}, {""自己資本比率（％）"": {""2020年3月"": null, ""2021年3月"": null, ""2022年3月"": null, ""2023年3月"": null}}, {""自己資本利益率（％）"": {""2020年3月"": null, ""2021年3月"": null, ""2022年3月"": null, ""2023年3月"": null}}]"	ライスカレー（195A）、主に企業向けにSNS運用のマーケティング支援、DX（デジタル技術による変革）推進、および、SNS分析や集客ツールをまとめたクラウドサービス「CCXcloud」を提供しています。直近の業績推移を見る限り、急激な右肩上がりで業績を拡大しており、成長性も十分に感じられます。	https://ricecurry.co.jp/
	インテグループ	192A										https://www.ipokiso.com/company/2024/integroup.html	https://disclosure2dl.edinet-fsa.go.jp/searchdocument/pdf/S100TFZI.pdf	https://irbank.net/192A/ir	M&A仲介業	78.5	2007年6月（17年目）	6月18日(火)	東証グロース	"[{""株主名"": ""藤井 一郎（社長）"", ""比率"": 45.02, ""ロックアップ"": ""180日間"", ""isCEO"": true}, {""株主名"": ""籠谷 智輝"", ""比率"": 45.02, ""ロックアップ"": ""180日間"", ""isCEO"": false}, {""株主名"": ""廣瀬 一憲"", ""比率"": 2.77, ""ロックアップ"": ""180日間"", ""isCEO"": false}, {""株主名"": ""中島 知広"", ""比率"": 0.93, ""ロックアップ"": ""180日間"", ""isCEO"": false}, {""株主名"": ""徳田 陽太"", ""比率"": 0.81, ""ロックアップ"": ""180日間"", ""isCEO"": false}, {""株主名"": ""松本 直久"", ""比率"": 0.78, ""ロックアップ"": ""180日間"", ""isCEO"": false}, {""株主名"": ""森山 克哉"", ""比率"": 0.57, ""ロックアップ"": ""180日間"", ""isCEO"": false}, {""株主名"": ""高辻 智之"", ""比率"": 0.5, ""ロックアップ"": ""180日間"", ""isCEO"": false}, {""株主名"": ""佐藤 優哉"", ""比率"": 0.42, ""ロックアップ"": ""180日間"", ""isCEO"": false}, {""株主名"": ""堤 瞭"", ""比率"": 0.32, ""ロックアップ"": ""180日間"", ""isCEO"": false}]"	"[{""売上高（百万円）"": {""2020年5月"": null, ""2021年5月"": null, ""2022年5月"": null, ""2023年5月"": null}}, {""経常利益（百万円）"": {""2020年5月"": null, ""2021年5月"": null, ""2022年5月"": null, ""2023年5月"": null}}, {""当期純利益（百万円）"": {""2020年5月"": null, ""2021年5月"": null, ""2022年5月"": null, ""2023年5月"": null}}, {""純資産額（百万円）"": {""2020年5月"": null, ""2021年5月"": null, ""2022年5月"": null, ""2023年5月"": null}}, {""1株あたりの純資産額（円）"": {""2020年5月"": null, ""2021年5月"": null, ""2022年5月"": null, ""2023年5月"": null}}, {""1株あたりの純利益（円）"": {""2020年5月"": null, ""2021年5月"": null, ""2022年5月"": null, ""2023年5月"": null}}, {""自己資本比率（％）"": {""2020年5月"": null, ""2021年5月"": null, ""2022年5月"": null, ""2023年5月"": null}}, {""自己資本利益率（％）"": {""2020年5月"": null, ""2021年5月"": null, ""2022年5月"": null, ""2023年5月"": null}}]"	インテグループ（192A）、中小企業を中心とした完全成功報酬制のM&A仲介サービスを提供しています。直近の業績推移を見ると、売り上げが順調に伸びており、今後の成長性も感じられます。	https://www.integroup.jp/
	ChordiaTherapeutics	190A										https://www.ipokiso.com/company/2024/chordiatherapeutics.html	https://disclosure2dl.edinet-fsa.go.jp/searchdocument/pdf/S100TE86.pdf	https://irbank.net/190A/ir	RNA制御ストレスを標的とするがん治療薬の開発など	100.3	2017年10月（7年目）	6月14日(金)	東証グロース	"[{""株主名"": ""武田薬品工業（株）"", ""比率"": 14.71, ""ロックアップ"": ""90日間"", ""isCEO"": false}, {""株主名"": ""イノベーション京都2016投資事業有限責任組合"", ""比率"": 12.38, ""ロックアップ"": ""90日間"", ""isCEO"": false}, {""株主名"": ""New Life Science 1号投資事業有限責任組合"", ""比率"": 10.27, ""ロックアップ"": ""90日間"", ""isCEO"": false}, {""株主名"": ""日本グロースキャピタル投資法人"", ""比率"": 7.86, ""ロックアップ"": ""90日間"", ""isCEO"": false}, {""株主名"": ""ジャフコSV5共有投資事業有限責任組合"", ""比率"": 7.18, ""ロックアップ"": ""90日間"", ""isCEO"": false}, {""株主名"": ""当社従業員17名"", ""比率"": 6.67, ""ロックアップ"": ""90日間※"", ""isCEO"": false}, {""株主名"": ""MEDIPAL Innovation 投資事業有限責任組合"", ""比率"": 6.55, ""ロックアップ"": ""90日間"", ""isCEO"": false}, {""株主名"": ""三菱UFJライフサイエンス1号投資事業有限責任組合"", ""比率"": 6.19, ""ロックアップ"": ""90日間"", ""isCEO"": false}, {""株主名"": ""三宅 洋（社長）"", ""比率"": 6.12, ""ロックアップ"": ""360日間"", ""isCEO"": true}, {""株主名"": ""協創プラットフォーム開発1号投資事業有限責任組合"", ""比率"": 5.24, ""ロックアップ"": ""90日間"", ""isCEO"": false}]"	"[{""事業収益（百万円）"": {""2020年8月"": null, ""2021年8月"": null, ""2022年8月"": null, ""2023年8月"": null}}, {""経常利益（百万円）"": {""2020年8月"": null, ""2021年8月"": null, ""2022年8月"": null, ""2023年8月"": null}}, {""当期純利益（百万円）"": {""2020年8月"": null, ""2021年8月"": null, ""2022年8月"": null, ""2023年8月"": null}}, {""純資産額（百万円）"": {""2020年8月"": null, ""2021年8月"": null, ""2022年8月"": null, ""2023年8月"": null}}, {""1株あたりの純資産額（円）"": {""2020年8月"": null, ""2021年8月"": null, ""2022年8月"": null, ""2023年8月"": null}}, {""1株あたりの純利益（円）"": {""2020年8月"": null, ""2021年8月"": null, ""2022年8月"": null, ""2023年8月"": null}}, {""自己資本比率（％）"": {""2020年8月"": null, ""2021年8月"": null, ""2022年8月"": null, ""2023年8月"": null}}, {""自己資本利益率（％）"": {""2020年8月"": null, ""2021年8月"": null, ""2022年8月"": null, ""2023年8月"": null}}]"	"Chordia Therapeutics[コーディア セラビューティクス]（190A）、新規抗がん薬を発売することをめざして研究開発をおこなう創薬ベンチャー企業です。2023年8月期は、2020年12月に結んだ新薬のライセンス契約における臨床試験が開始されたことで、2,500百万円の支払金を受け取っています。



　公開株数は非常に多めで、主要大株主には期間でロックアップがかかっています。想定価格200円以下の案件はほとんど見かけませんが、2017年に同じくバイオ関連のソレイジア・ファーマ（4597）が、想定価格180円で、公募価格比+49円（+26.5％）の上昇を見せています。"	https://www.chordiatherapeutics.com
	D&Mカンパニー	189A										https://www.ipokiso.com/company/2024/dmcompany.html	https://disclosure2dl.edinet-fsa.go.jp/searchdocument/pdf/S100TD74.pdf	https://irbank.net/189A/ir	医療機関などに対する経営サポート事業	21.1	2015年11月（9年目）	6月11日(火)	東証グロース	"[{""株主名"": ""（株）ＹＳＹ"", ""比率"": 48.78, ""ロックアップ"": ""180日間"", ""isCEO"": false}, {""株主名"": ""松井 信博"", ""比率"": 9.76, ""ロックアップ"": ""180日間"", ""isCEO"": false}, {""株主名"": ""松下 明義（社長）"", ""比率"": 6.22, ""ロックアップ"": ""180日間"", ""isCEO"": true}, {""株主名"": ""イノベーション・エンジンＰＯＣ第２投資事業有限責任組合"", ""比率"": 5.12, ""ロックアップ"": ""90日間1.5倍"", ""isCEO"": false}, {""株主名"": ""松井 太"", ""比率"": 4.88, ""ロックアップ"": ""180日間"", ""isCEO"": false}, {""株主名"": ""大阪商工信用金庫"", ""比率"": 3.78, ""ロックアップ"": ""180日間"", ""isCEO"": false}, {""株主名"": ""松井 雅子"", ""比率"": 3.66, ""ロックアップ"": """", ""isCEO"": false}, {""株主名"": ""ナカザワホールディングス（株）"", ""比率"": 3.05, ""ロックアップ"": ""180日間"", ""isCEO"": false}, {""株主名"": ""藤井 幹正"", ""比率"": 2.44, ""ロックアップ"": ""180日間"", ""isCEO"": false}, {""株主名"": ""ＨＶＣ２号投資事業有限責任組合"", ""比率"": 1.83, ""ロックアップ"": ""90日間1.5倍"", ""isCEO"": false}]"	"[{""売上高（百万円）"": {""2020年5月"": null, ""2021年5月"": null, ""2022年5月"": null, ""2023年5月"": null}}, {""経常利益（百万円）"": {""2020年5月"": null, ""2021年5月"": null, ""2022年5月"": null, ""2023年5月"": null}}, {""当期純利益（百万円）"": {""2020年5月"": null, ""2021年5月"": null, ""2022年5月"": null, ""2023年5月"": null}}, {""純資産額（百万円）"": {""2020年5月"": null, ""2021年5月"": null, ""2022年5月"": null, ""2023年5月"": null}}, {""1株あたりの純資産額（円）"": {""2020年5月"": null, ""2021年5月"": null, ""2022年5月"": null, ""2023年5月"": null}}, {""1株あたりの純利益（円）"": {""2020年5月"": null, ""2021年5月"": null, ""2022年5月"": null, ""2023年5月"": null}}, {""自己資本比率（％）"": {""2020年5月"": null, ""2021年5月"": null, ""2022年5月"": null, ""2023年5月"": null}}, {""自己資本利益率（％）"": {""2020年5月"": null, ""2021年5月"": null, ""2022年5月"": null, ""2023年5月"": null}}]"	D&Mカンパニー（189A）、医療機関などに、「資金支援」、「コンサルティング」、「人材支援」の経営サポートサービスを提供しています。直近の業績を見ると、売上は右肩上がりで拡大していますが、利益はやや頭打ち気味になっています。成長性はそこまで感じられませんが、想定価格は割安な水準です。	https://www.dmcompany.co.jp/
	アストロスケールホールディングス	186A										https://www.ipokiso.com/company/2024/astroscale.html	https://disclosure2dl.edinet-fsa.go.jp/searchdocument/pdf/S100TCL0.pdf	https://irbank.net/186A/ir	スペースデブリ除去や人工衛星寿命延長、点検・観測などの軌道上サービス事業	804.2	2018年11月（6年目）	6月5日(水)	東証グロース	"[{""株主名"": ""岡田 光信（社長）"", ""比率"": 26.78, ""ロックアップ"": ""180日間"", ""isCEO"": true}, {""株主名"": ""（株）INCJ"", ""比率"": 16.53, ""ロックアップ"": ""180日間"", ""isCEO"": false}, {""株主名"": ""ジャフコSV4共有投資事業有限責任組合"", ""比率"": 4.27, ""ロックアップ"": ""180日間"", ""isCEO"": false}, {""株主名"": ""（株）グーニーズ"", ""比率"": 3.14, ""ロックアップ"": ""180日間"", ""isCEO"": false}, {""株主名"": ""ASエースタート1号投資事業有限責任組合"", ""比率"": 2.86, ""ロックアップ"": ""180日間"", ""isCEO"": false}, {""株主名"": ""三菱電機（株）"", ""比率"": 2.57, ""ロックアップ"": ""180日間"", ""isCEO"": false}, {""株主名"": ""ブラッカビー・クリストファー"", ""比率"": 2.54, ""ロックアップ"": ""180日間"", ""isCEO"": false}, {""株主名"": ""スペース・エースタート1号投資事業有限責任組合"", ""比率"": 2.52, ""ロックアップ"": ""180日間"", ""isCEO"": false}, {""株主名"": ""日本グロースキャピタル投資法人"", ""比率"": 2.45, ""ロックアップ"": ""180日間"", ""isCEO"": false}, {""株主名"": ""THE FUND投資事業有限責任組合"", ""比率"": 1.92, ""ロックアップ"": ""180日間"", ""isCEO"": false}]"	"[{""売上高（百万円）"": {""2021年4月"": null, ""2022年4月"": null, ""2023年4月"": null, ""2024年1月（第3四半期）"": null}}, {""経常利益（百万円）"": {""2021年4月"": null, ""2022年4月"": null, ""2023年4月"": null, ""2024年1月（第3四半期）"": null}}, {""当期純利益（百万円）"": {""2021年4月"": null, ""2022年4月"": null, ""2023年4月"": null, ""2024年1月（第3四半期）"": null}}, {""純資産額 （百万円）"": {""2021年4月"": null, ""2022年4月"": null, ""2023年4月"": null, ""2024年1月（第3四半期）"": null}}, {""1株あたりの純資産額（円）"": {""2021年4月"": null, ""2022年4月"": null, ""2023年4月"": null, ""2024年1月（第3四半期）"": null}}, {""1株あたりの純利益（円）"": {""2021年4月"": null, ""2022年4月"": null, ""2023年4月"": null, ""2024年1月（第3四半期）"": null}}, {""自己資本比率（％）"": {""2021年4月"": null, ""2022年4月"": null, ""2023年4月"": null, ""2024年1月（第3四半期）"": null}}, {""自己資本利益率（％）"": {""2021年4月"": null, ""2022年4月"": null, ""2023年4月"": null, ""2024年1月（第3四半期）"": null}}]"	アストロスケールホールディングス（186A）、宇宙空間の衛星軌道上において、「がれき、はへんなど（スペースデブリ）」の除去や燃料補給、点検・観測などのサービスを提供しています。宇宙事業の将来性はとてつもなく大きいですが、現在はまだまだ先行投資の段階で赤字が拡大しています。	https://astroscale.com/ja/
	学びエイド	184A										https://www.ipokiso.com/company/2024/manabi-aid.html	https://disclosure2dl.edinet-fsa.go.jp/searchdocument/pdf/S100TB5I.pdf	https://irbank.net/184A/ir	インターネットによる教育サービスの企画開発・提供	21.8	2015年5月（9年目）	5月28日(火)	東証グロース	"[{""株主名"": ""廣政 愁一（社長）"", ""比率"": 52.91, ""ロックアップ"": ""180日間"", ""isCEO"": true}, {""株主名"": ""K&Pパートナーズ2号投資事業有限責任組合"", ""比率"": 23.38, ""ロックアップ"": ""90日間1.5倍"", ""isCEO"": false}, {""株主名"": ""K&Pパートナーズ3号投資事業有限責任組合"", ""比率"": 7.78, ""ロックアップ"": ""90日間1.5倍"", ""isCEO"": false}, {""株主名"": ""鈴木 健一"", ""比率"": 7.18, ""ロックアップ"": ""180日間"", ""isCEO"": false}, {""株主名"": ""共同印刷（株）"", ""比率"": 3.18, ""ロックアップ"": ""180日間"", ""isCEO"": false}, {""株主名"": ""旺文社イノベーションファンド1号投資事業有限責任組合"", ""比率"": 1.01, ""ロックアップ"": """", ""isCEO"": false}, {""株主名"": ""野田 亮太"", ""比率"": 0.51, ""ロックアップ"": ""180日間"", ""isCEO"": false}, {""株主名"": ""松本 英二"", ""比率"": 0.43, ""ロックアップ"": ""180日間"", ""isCEO"": false}, {""株主名"": ""杉浦 久恵"", ""比率"": 0.36, ""ロックアップ"": ""180日間"", ""isCEO"": false}, {""株主名"": ""平林 明日樹"", ""比率"": 0.36, ""ロックアップ"": ""180日間"", ""isCEO"": false}]"	"[{""売上高（百万円）"": {""2020年4月"": null, ""2021年4月"": null, ""2022年4月"": null, ""2023年4月"": null}}, {""経常利益（百万円）"": {""2020年4月"": null, ""2021年4月"": null, ""2022年4月"": null, ""2023年4月"": null}}, {""当期純利益（百万円）"": {""2020年4月"": null, ""2021年4月"": null, ""2022年4月"": null, ""2023年4月"": null}}, {""純資産額（百万円）"": {""2020年4月"": null, ""2021年4月"": null, ""2022年4月"": null, ""2023年4月"": null}}, {""1株あたりの純資産額（円）"": {""2020年4月"": null, ""2021年4月"": null, ""2022年4月"": null, ""2023年4月"": null}}, {""1株あたりの純利益（円）"": {""2020年4月"": null, ""2021年4月"": null, ""2022年4月"": null, ""2023年4月"": null}}, {""自己資本比率（％）"": {""2020年4月"": null, ""2021年4月"": null, ""2022年4月"": null, ""2023年4月"": null}}, {""自己資本利益率（％）"": {""2020年4月"": null, ""2021年4月"": null, ""2022年4月"": null, ""2023年4月"": null}}]"	学びエイド（184A）、学習塾を対象に、映像授業と塾運営の管理機能を提供する「学びエイドマスター」、中・大規模学習塾を対象に、カスタマイズされた機能を提供する「学びエイドマスター for School」、教育関連事業者を対象に、映像授業化コンテンツの配信機能を開発・提供する「学びエイドマスター for Enterprise」を販売しています。	https://corp.manabi-aid.jp/
	コージンバイオ	177A										https://www.ipokiso.com/company/2024/kohjin-bio.html	https://disclosure2dl.edinet-fsa.go.jp/searchdocument/pdf/S100T3OY.pdf	https://irbank.net/177A/ir	培地（微生物や細胞の培養に用いる生育環境のこと）の開発・製造・販売および細胞加工物の製造受託	92.3	1981年4月（43年目）	4月25日(木)	東証グロース	"[{""株主名"": ""中村 孝人（社長）"", ""比率"": 53.05, ""ロックアップ"": ""90日間"", ""isCEO"": true}, {""株主名"": ""TAKAコーポレーション(株)"", ""比率"": 10.0, ""ロックアップ"": ""90日間"", ""isCEO"": false}, {""株主名"": ""オリエンタル酵母工業(株)"", ""比率"": 6.48, ""ロックアップ"": ""90日間"", ""isCEO"": false}, {""株主名"": ""コージンバイオ従業員持株会"", ""比率"": 4.23, ""ロックアップ"": ""90日間"", ""isCEO"": false}, {""株主名"": ""富士フイルム和光純薬(株)"", ""比率"": 3.36, ""ロックアップ"": ""90日間"", ""isCEO"": false}, {""株主名"": ""渡辺 恒美"", ""比率"": 2.88, ""ロックアップ"": ""90日間"", ""isCEO"": false}, {""株主名"": ""SMBC事業開発1号投資事業有限責任組合"", ""比率"": 2.4, ""ロックアップ"": ""90日間1.5倍"", ""isCEO"": false}, {""株主名"": ""埼玉りそな銀2号投資事業組合"", ""比率"": 2.4, ""ロックアップ"": ""90日間1.5倍"", ""isCEO"": false}, {""株主名"": ""コスモ・バイオ(株)"", ""比率"": 2.4, ""ロックアップ"": ""90日間"", ""isCEO"": false}, {""株主名"": ""ニプロ(株)"", ""比率"": 1.92, ""ロックアップ"": ""90日間"", ""isCEO"": false}]"	"[{""売上高（百万円）"": {""2020年3月"": null, ""2021年3月"": null, ""2022年3月"": null, ""2023年3月"": null}}, {""経常利益（百万円）"": {""2020年3月"": null, ""2021年3月"": null, ""2022年3月"": null, ""2023年3月"": null}}, {""当期純利益（百万円）"": {""2020年3月"": null, ""2021年3月"": null, ""2022年3月"": null, ""2023年3月"": null}}, {""純資産額（百万円）"": {""2020年3月"": null, ""2021年3月"": null, ""2022年3月"": null, ""2023年3月"": null}}, {""1株あたりの純資産額（円）"": {""2020年3月"": null, ""2021年3月"": null, ""2022年3月"": null, ""2023年3月"": null}}, {""1株あたりの純利益（円）"": {""2020年3月"": null, ""2021年3月"": null, ""2022年3月"": null, ""2023年3月"": null}}, {""自己資本比率（％）"": {""2020年3月"": null, ""2021年3月"": null, ""2022年3月"": null, ""2023年3月"": null}}, {""自己資本利益率（％）"": {""2020年3月"": null, ""2021年3月"": null, ""2022年3月"": null, ""2023年3月"": null}}]"	コージンバイオ（177A）、ヒト、動物、昆虫などの細胞を増殖させることを目的とした細胞培養用培地の開発・製造・販売をおこなっている「組織培養事業」、感染症や食品汚染の原因となる微生物を特定するための製品の開発と製造・販売をおこなっている「微生物事業」を主に展開しています。直近の業績推移を見ると、売り上げが順調に伸びており、今後の成長性も感じられます。	https://kohjin-bio.jp/
	レジル	176A										https://www.ipokiso.com/company/2024/rezil.html	https://disclosure2dl.edinet-fsa.go.jp/searchdocument/pdf/S100T39K.pdf	https://irbank.net/176A/ir	集合住宅への電力供給および分散型電源の開発、法人への再生可能エネルギーを主体とした電力供給、エネルギー事業者へのBPOおよびSaaSの提供を通じたDX支援	198.1	1994年11月（30年目）	4月24日(水)	東証グロース	"[{""株主名"": ""Team Energy GI（株）"", ""比率"": 56.78, ""ロックアップ"": ""180日間"", ""isCEO"": false}, {""株主名"": ""中村 誠司"", ""比率"": 19.29, ""ロックアップ"": ""180日間"", ""isCEO"": false}, {""株主名"": ""関西電力（株）"", ""比率"": 9.1, ""ロックアップ"": ""180日間"", ""isCEO"": false}, {""株主名"": ""丹治 保積（社長）"", ""比率"": 2.66, ""ロックアップ"": ""180日間"", ""isCEO"": true}, {""株主名"": ""ＥＥＩスマートエナジー投資事業有限責任組合"", ""比率"": 1.83, ""ロックアップ"": ""90日間1.5倍"", ""isCEO"": false}, {""株主名"": ""ＥＥＩクリーンテック投資事業有限責任組合"", ""比率"": 1.4, ""ロックアップ"": """", ""isCEO"": false}, {""株主名"": ""みずほグロースパートナーズ1号投資事業有限責任組合"", ""比率"": 1.4, ""ロックアップ"": ""90日間1.5倍"", ""isCEO"": false}, {""株主名"": ""山本 直隆"", ""比率"": 0.94, ""ロックアップ"": ""180日間"", ""isCEO"": false}, {""株主名"": ""下平 福子"", ""比率"": 0.58, ""ロックアップ"": ""180日間"", ""isCEO"": false}, {""株主名"": ""北川 竜太"", ""比率"": 0.37, ""ロックアップ"": ""180日間"", ""isCEO"": false}]"	"[{""売上高（百万円）"": {""2020年3月"": null, ""2021年3月"": null, ""2022年3月"": null, ""2023年6月"": null}}, {""経常利益（百万円）"": {""2020年3月"": null, ""2021年3月"": null, ""2022年3月"": null, ""2023年6月"": null}}, {""当期純利益（百万円）"": {""2020年3月"": null, ""2021年3月"": null, ""2022年3月"": null, ""2023年6月"": null}}, {""純資産額（百万円）"": {""2020年3月"": null, ""2021年3月"": null, ""2022年3月"": null, ""2023年6月"": null}}, {""1株あたりの純資産額（円）"": {""2020年3月"": null, ""2021年3月"": null, ""2022年3月"": null, ""2023年6月"": null}}, {""1株あたりの純利益（円）"": {""2020年3月"": null, ""2021年3月"": null, ""2022年3月"": null, ""2023年6月"": null}}, {""自己資本比率（％）"": {""2020年3月"": null, ""2021年3月"": null, ""2022年3月"": null, ""2023年6月"": null}}, {""自己資本利益率（％）"": {""2020年3月"": null, ""2021年3月"": null, ""2022年3月"": null, ""2023年6月"": null}}]"	レジル（176A）、マンション向けに高圧電気を使用可能な電圧に変換する“受変電設備”を設置している「分散型エネルギー事業」、再生可能エネルギーを中心とした電力を販売している「グリーンエネルギー事業」を主に展開しています。直近の業績推移を見ると、売上が伸びていますが、利益が頭打ち気味になっており、成長性はそれほど感じられません。	https://rezil.co.jp
	Will Smart	175A										https://www.ipokiso.com/company/2024/willsmart.html	https://disclosure2dl.edinet-fsa.go.jp/searchdocument/pdf/S100T1NA.pdf	https://irbank.net/175A/ir	モビリティ業界を中心とした事業課題解決に対してDX技術を駆使したソリューションの企画・提案、ソフトウェアの受託開発および運用支援	19.9	2012年12月（12年目）	4月16日(火)	東証グロース	"[{""株主名"": ""（株）ゼンリン"", ""比率"": 55.81, ""ロックアップ"": ""90日間1.5倍"", ""isCEO"": false}, {""株主名"": ""九州旅客鉄道（株）"", ""比率"": 14.66, ""ロックアップ"": ""90日間1.5倍"", ""isCEO"": false}, {""株主名"": ""石井 康弘（社長）"", ""比率"": 6.8, ""ロックアップ"": ""90日間1.5倍"", ""isCEO"": true}, {""株主名"": ""ENEOS（株）"", ""比率"": 5.48, ""ロックアップ"": ""90日間1.5倍"", ""isCEO"": false}, {""株主名"": ""都築電気（株）"", ""比率"": 3.3, ""ロックアップ"": ""90日間1.5倍"", ""isCEO"": false}, {""株主名"": ""金 秉都"", ""比率"": 2.84, ""ロックアップ"": ""90日間1.5倍"", ""isCEO"": false}, {""株主名"": ""岡谷鋼機（株）"", ""比率"": 1.45, ""ロックアップ"": ""90日間1.5倍"", ""isCEO"": false}, {""株主名"": ""飛島建設（株）"", ""比率"": 1.45, ""ロックアップ"": ""90日間1.5倍"", ""isCEO"": false}, {""株主名"": ""布目 章次"", ""比率"": 1.12, ""ロックアップ"": """", ""isCEO"": false}, {""株主名"": ""杉山 賢治"", ""比率"": 0.73, ""ロックアップ"": ""90日間1.5倍"", ""isCEO"": false}]"	"[{""売上高（百万円）"": {""2020年3月"": null, ""2021年3月"": null, ""2022年3月"": null, ""2023年3月"": null}}, {""経常利益（百万円）"": {""2020年3月"": null, ""2021年3月"": null, ""2022年3月"": null, ""2023年3月"": null}}, {""当期純利益（百万円）"": {""2020年3月"": null, ""2021年3月"": null, ""2022年3月"": null, ""2023年3月"": null}}, {""純資産額（百万円）"": {""2020年3月"": null, ""2021年3月"": null, ""2022年3月"": null, ""2023年3月"": null}}, {""1株あたりの純資産額（円）"": {""2020年3月"": null, ""2021年3月"": null, ""2022年3月"": null, ""2023年3月"": null}}, {""1株あたりの純利益（円）"": {""2020年3月"": null, ""2021年3月"": null, ""2022年3月"": null, ""2023年3月"": null}}, {""自己資本比率（％）"": {""2020年3月"": null, ""2021年3月"": null, ""2022年3月"": null, ""2023年3月"": null}}, {""自己資本利益率（％）"": {""2020年3月"": null, ""2021年3月"": null, ""2022年3月"": null, ""2023年3月"": null}}]"	"Will Smart[ウイル スマート]（175A）、モビリティ業界（ヒトやモノの移動によって発生する事業）において、デジタル技術を活用したコンサルティング、ソフトウエア開発、ハードウエアの提供および納品後のサポートサービスなどを提供しています。
直近の業績推移を見ると、売上が頭打ち気味になっており、先行きがやや不安ですが、業界的な将来性はあると思います。"	https://willsmart.co.jp/
	ハンモック	173A										https://www.ipokiso.com/company/2024/hammock.html	https://disclosure2dl.edinet-fsa.go.jp/searchdocument/pdf/S100T0L7.pdf	https://irbank.net/173A/ir	『IT 資産管理・セキュリティ対策』、『営業支援・名刺管理』、『AIによる文字認識を活用したデータエントリー』に関する業務支援システムおよびクラウドサービスの開発、提供	89.8	1994年4月（30年目）	4月11日(木)	東証グロース	"[{""株主名"": ""若山 大典（社長）"", ""比率"": 44.39, ""ロックアップ"": ""180日間"", ""isCEO"": true}, {""株主名"": ""若山 正美"", ""比率"": 25.23, ""ロックアップ"": ""180日間"", ""isCEO"": false}, {""株主名"": ""若山 悠"", ""比率"": 11.91, ""ロックアップ"": ""180日間"", ""isCEO"": false}, {""株主名"": ""高野 紀子"", ""比率"": 10.51, ""ロックアップ"": ""180日間"", ""isCEO"": false}, {""株主名"": ""若山 知子"", ""比率"": 3.27, ""ロックアップ"": ""180日間"", ""isCEO"": false}, {""株主名"": ""水元 敬也"", ""比率"": 1.17, ""ロックアップ"": ""180日間"", ""isCEO"": false}, {""株主名"": ""ハンモック従業員持株会"", ""比率"": 0.61, ""ロックアップ"": ""継続保有"", ""isCEO"": false}, {""株主名"": ""冨來 美穂子"", ""比率"": 0.2, ""ロックアップ"": ""180日間"", ""isCEO"": false}, {""株主名"": ""米野 雅士"", ""比率"": 0.12, ""ロックアップ"": ""180日間"", ""isCEO"": false}, {""株主名"": ""通事 大作"", ""比率"": 0.12, ""ロックアップ"": ""180日間"", ""isCEO"": false}]"	"[{""売上高（百万円）"": {""2020年3月"": null, ""2021年3月"": null, ""2022年3月"": null, ""2023年3月"": null}}, {""経常利益（百万円）"": {""2020年3月"": null, ""2021年3月"": null, ""2022年3月"": null, ""2023年3月"": null}}, {""当期純利益（百万円）"": {""2020年3月"": null, ""2021年3月"": null, ""2022年3月"": null, ""2023年3月"": null}}, {""純資産額（百万円）"": {""2020年3月"": null, ""2021年3月"": null, ""2022年3月"": null, ""2023年3月"": null}}, {""1株あたりの純資産額（円）"": {""2020年3月"": null, ""2021年3月"": null, ""2022年3月"": null, ""2023年3月"": null}}, {""1株あたりの純利益（円）"": {""2020年3月"": null, ""2021年3月"": null, ""2022年3月"": null, ""2023年3月"": null}}, {""自己資本比率（％）"": {""2020年3月"": null, ""2021年3月"": null, ""2022年3月"": null, ""2023年3月"": null}}, {""自己資本利益率（％）"": {""2020年3月"": null, ""2021年3月"": null, ""2022年3月"": null, ""2023年3月"": null}}]"	ハンモック（173A）、企業のIT資産管理・セキュリティ対策を統合的に管理するソフトウェア「AssetView」シリーズの開発・販売を中心におこなっています。直近の業績推移を見る限り、売り上げの拡大スピードがやや緩やかで、IPOとしては少し物足りないように感じます。	https://www.hammock.jp/
	イタミアート	168A										https://www.ipokiso.com/company/2024/itamiarts.html	https://disclosure2dl.edinet-fsa.go.jp/searchdocument/pdf/S100SZSH.pdf	https://irbank.net/168A/ir	BtoB向けECサイト『キングシリーズ』などを通じたオリジナル大型セールスプロモーション商材の企画・制作・販売	23.4	1999年2月（26年目）	4月8日(月)	東証グロース	"[{""株主名"": ""（株）イタミホールディングス"", ""比率"": 48.78, ""ロックアップ"": ""180日間"", ""isCEO"": false}, {""株主名"": ""伊丹 一晃（社長）"", ""比率"": 33.73, ""ロックアップ"": ""180日間"", ""isCEO"": true}, {""株主名"": ""K&Pパートナーズ3号投資事業有限責任組合"", ""比率"": 7.82, ""ロックアップ"": ""90日間1.5倍"", ""isCEO"": false}, {""株主名"": ""識学1号投資事業有限責任組合"", ""比率"": 3.22, ""ロックアップ"": ""90日間1.5倍"", ""isCEO"": false}, {""株主名"": ""伊丹 礼子"", ""比率"": 2.12, ""ロックアップ"": ""180日間"", ""isCEO"": false}, {""株主名"": ""渡邊 淳也"", ""比率"": 0.77, ""ロックアップ"": ""180日間"", ""isCEO"": false}, {""株主名"": ""伊丹 亮平"", ""比率"": 0.65, ""ロックアップ"": ""180日間"", ""isCEO"": false}, {""株主名"": ""渡邊 史枝"", ""比率"": 0.59, ""ロックアップ"": ""180日間"", ""isCEO"": false}, {""株主名"": ""河田 肇"", ""比率"": 0.28, ""ロックアップ"": ""180日間"", ""isCEO"": false}, {""株主名"": ""野瀬 洋輔"", ""比率"": 0.28, ""ロックアップ"": ""180日間"", ""isCEO"": false}]"	"[{""売上高（百万円）"": {""2020年1月"": null, ""2021年1月"": null, ""2022年1月"": null, ""2023年1月"": null}}, {""経常利益（百万円）"": {""2020年1月"": null, ""2021年1月"": null, ""2022年1月"": null, ""2023年1月"": null}}, {""当期純利益（百万円）"": {""2020年1月"": null, ""2021年1月"": null, ""2022年1月"": null, ""2023年1月"": null}}, {""純資産額（百万円）"": {""2020年1月"": null, ""2021年1月"": null, ""2022年1月"": null, ""2023年1月"": null}}, {""1株あたりの純資産額（円）"": {""2020年1月"": null, ""2021年1月"": null, ""2022年1月"": null, ""2023年1月"": null}}, {""1株あたりの純利益（円）"": {""2020年1月"": null, ""2021年1月"": null, ""2022年1月"": null, ""2023年1月"": null}}, {""自己資本比率（％）"": {""2020年1月"": null, ""2021年1月"": null, ""2022年1月"": null, ""2023年1月"": null}}, {""自己資本利益率（％）"": {""2020年1月"": null, ""2021年1月"": null, ""2022年1月"": null, ""2023年1月"": null}}]"	イタミアート（168A）、飲食業、小売業、広告代理店などが利用する法人向けECサイト「キングシリーズ」を運営しています。のぼり旗、幕、看板などの商品企画、サイト構築、集客、販売、制作、出荷の全工程を自社でおこなっているのが特徴です。直近の業績推移を見ると、2023年1月期、2024年1月期も第3四半期で売上2,403百万円を達成しており、成長性も感じられます。	https://www.itamiarts.co.jp/
	アズパートナーズ	160A										https://www.ipokiso.com/company/2024/as-partners.html	https://disclosure2dl.edinet-fsa.go.jp/searchdocument/pdf/S100SZB7.pdf	https://irbank.net/160A/ir	シニア事業（介護付きホーム、デイサービス、ショートステイのサービス提供）および不動産事業（介護付きホームなどの不動産開発、老朽化不動産の再生、マンションなどの賃貸）	64.7	2004年11月（20年目）	4月4日(木)	東証スタンダード	"[{""株主名"": ""（株）ブレス"", ""比率"": 43.49, ""ロックアップ"": ""90日間"", ""isCEO"": false}, {""株主名"": ""MIRARTHホールディングス（株）"", ""比率"": 19.33, ""ロックアップ"": ""90日間"", ""isCEO"": false}, {""株主名"": ""植村 健志（社長）"", ""比率"": 14.66, ""ロックアップ"": ""90日間"", ""isCEO"": true}, {""株主名"": ""伊藤 啓敏"", ""比率"": 6.28, ""ロックアップ"": ""90日間"", ""isCEO"": false}, {""株主名"": ""山本 皇自"", ""比率"": 6.04, ""ロックアップ"": ""90日間"", ""isCEO"": false}, {""株主名"": ""アズパートナーズ従業員持株会"", ""比率"": 2.38, ""ロックアップ"": ""180日間"", ""isCEO"": false}, {""株主名"": ""松尾 篤人"", ""比率"": 1.84, ""ロックアップ"": ""90日間"", ""isCEO"": false}, {""株主名"": ""吉田 健一"", ""比率"": 0.97, ""ロックアップ"": ""90日間"", ""isCEO"": false}, {""株主名"": ""長谷部 裕樹"", ""比率"": 0.48, ""ロックアップ"": ""90日間"", ""isCEO"": false}, {""株主名"": ""若月 晃"", ""比率"": 0.48, ""ロックアップ"": ""90日間"", ""isCEO"": false}]"	"[{""売上高（百万円）"": {""2020年3月"": null, ""2021年3月"": null, ""2022年3月"": null, ""2023年3月"": null}}, {""経常利益（百万円）"": {""2020年3月"": null, ""2021年3月"": null, ""2022年3月"": null, ""2023年3月"": null}}, {""当期純利益（百万円）"": {""2020年3月"": null, ""2021年3月"": null, ""2022年3月"": null, ""2023年3月"": null}}, {""純資産額（百万円）"": {""2020年3月"": null, ""2021年3月"": null, ""2022年3月"": null, ""2023年3月"": null}}, {""1株あたりの純資産額（円）"": {""2020年3月"": null, ""2021年3月"": null, ""2022年3月"": null, ""2023年3月"": null}}, {""1株あたりの純利益（円）"": {""2020年3月"": null, ""2021年3月"": null, ""2022年3月"": null, ""2023年3月"": null}}, {""自己資本比率（％）"": {""2020年3月"": null, ""2021年3月"": null, ""2022年3月"": null, ""2023年3月"": null}}, {""自己資本利益率（％）"": {""2020年3月"": null, ""2021年3月"": null, ""2022年3月"": null, ""2023年3月"": null}}]"	アズパートナーズ（160A）、介護つき有料老人ホームの運営、デイサービス（通所介護）、ショートステイサービス（短期入所の生活介護）を展開しています。直近の業績推移を見ると、着実に売上を伸ばしていますが、経常利益が落ち込んでおり、上場後の成長に関しては、やや不安があります。	https://www.as-partners.co.jp
	グリーンモンスター	157A										https://www.ipokiso.com/company/2024/greenmonster.html	https://disclosure2dl.edinet-fsa.go.jp/searchdocument/pdf/S100SYCD.pdf	https://irbank.net/157A/ir	体験型投資学習支援事業	29.3	2013年7月（11年目）	3月29日(金)	東証グロース	"[{""株主名"": ""小川 亮（社長）"", ""比率"": 46.76, ""ロックアップ"": ""180日間"", ""isCEO"": true}, {""株主名"": ""WMグロース4号投資事業有限責任組合"", ""比率"": 24.28, ""ロックアップ"": ""90日間1.5倍"", ""isCEO"": false}, {""株主名"": ""藤沢 亜理沙 (戸籍名:豊田 亜理沙)"", ""比率"": 11.47, ""ロックアップ"": ""180日間"", ""isCEO"": false}, {""株主名"": ""中村 直樹"", ""比率"": 6.52, ""ロックアップ"": ""180日間"", ""isCEO"": false}, {""株主名"": ""久保 ひふみ"", ""比率"": 3.99, ""ロックアップ"": ""90日間1.5倍"", ""isCEO"": false}, {""株主名"": ""（株）KINOCOS"", ""比率"": 1.45, ""ロックアップ"": ""180日間"", ""isCEO"": false}, {""株主名"": ""Don’t Look Back in Anger（株）"", ""比率"": 1.09, ""ロックアップ"": ""180日間"", ""isCEO"": false}, {""株主名"": ""室町 智之"", ""比率"": 0.58, ""ロックアップ"": ""継続保有"", ""isCEO"": false}, {""株主名"": ""宮島 創"", ""比率"": 0.43, ""ロックアップ"": ""継続保有"", ""isCEO"": false}, {""株主名"": ""井口 沙耶香"", ""比率"": 0.38, ""ロックアップ"": ""継続保有"", ""isCEO"": false}]"	"[{""売上高（百万円）"": {""2020年6月"": null, ""2021年6月"": null, ""2022年6月"": null, ""2023年6月"": null}}, {""経常利益（百万円）"": {""2020年6月"": null, ""2021年6月"": null, ""2022年6月"": null, ""2023年6月"": null}}, {""当期純利益（百万円）"": {""2020年6月"": null, ""2021年6月"": null, ""2022年6月"": null, ""2023年6月"": null}}, {""純資産額（百万円）"": {""2020年6月"": null, ""2021年6月"": null, ""2022年6月"": null, ""2023年6月"": null}}, {""1株あたりの純資産額（円）"": {""2020年6月"": null, ""2021年6月"": null, ""2022年6月"": null, ""2023年6月"": null}}, {""1株あたりの純利益（円）"": {""2020年6月"": null, ""2021年6月"": null, ""2022年6月"": null, ""2023年6月"": null}}, {""自己資本比率（％）"": {""2020年6月"": null, ""2021年6月"": null, ""2022年6月"": null, ""2023年6月"": null}}, {""自己資本利益率（％）"": {""2020年6月"": null, ""2021年6月"": null, ""2022年6月"": null, ""2023年6月"": null}}]"	グリーンモンスター（157A）、FX、株式投資、資産形成についてデモトレードやシミュレーションを通して学べるスマートフォン向けアプリの開発・運営などをおこなっています。対応アプリとしては、FXは「FXなび」、株式投資は「かぶたす」、資産形成は「トウシカ」があります。直近の業績推移を見ると、売上は盛り返してきているものの、利益率が低下しているように見えます。	https://greenmonster.co.jp/
	マテリアルグループ	156A										https://www.ipokiso.com/company/2024/materialgroup.html	https://disclosure2dl.edinet-fsa.go.jp/searchdocument/pdf/S100SY3F.pdf	https://irbank.net/156A/ir	PR・デジタルを中心としたマーケティングコミュニケーション支援	102.7	2014年8月（10年目）	3月29日(金)	東証グロース	"[{""株主名"": ""戦略PR投資事業有限責任組合"", ""比率"": 61.95, ""ロックアップ"": ""180日間"", ""isCEO"": false}, {""株主名"": ""10X Investment Ltd."", ""比率"": 19.97, ""ロックアップ"": ""180日間"", ""isCEO"": false}, {""株主名"": ""馬場 沙紀"", ""比率"": 5.35, ""ロックアップ"": ""継続保有"", ""isCEO"": false}, {""株主名"": ""Retweet and Share Ltd."", ""比率"": 5.2, ""ロックアップ"": ""180日間"", ""isCEO"": false}, {""株主名"": ""青﨑 曹（社長）"", ""比率"": 2.01, ""ロックアップ"": ""360日間"", ""isCEO"": true}, {""株主名"": ""関 航"", ""比率"": 1.46, ""ロックアップ"": ""360日間"", ""isCEO"": false}, {""株主名"": ""吉田 和樹"", ""比率"": 1.39, ""ロックアップ"": ""360日間"", ""isCEO"": false}, {""株主名"": ""竹中 久貴"", ""比率"": 0.34, ""ロックアップ"": ""360日間"", ""isCEO"": false}, {""株主名"": ""伍 卯"", ""比率"": 0.24, ""ロックアップ"": ""180日間"", ""isCEO"": false}, {""株主名"": ""馬場 亮平"", ""比率"": 0.22, ""ロックアップ"": ""継続保有"", ""isCEO"": false}]"	"[{""売上高（百万円）"": {""2020年8月"": null, ""2021年8月"": null, ""2022年8月"": null, ""2023年8月"": null}}, {""経常利益（百万円）"": {""2020年8月"": null, ""2021年8月"": null, ""2022年8月"": null, ""2023年8月"": null}}, {""当期純利益（百万円）"": {""2020年8月"": null, ""2021年8月"": null, ""2022年8月"": null, ""2023年8月"": null}}, {""純資産額（百万円）"": {""2020年8月"": null, ""2021年8月"": null, ""2022年8月"": null, ""2023年8月"": null}}, {""1株あたりの純資産額（円）"": {""2020年8月"": null, ""2021年8月"": null, ""2022年8月"": null, ""2023年8月"": null}}, {""1株あたりの純利益（円）"": {""2020年8月"": null, ""2021年8月"": null, ""2022年8月"": null, ""2023年8月"": null}}, {""自己資本比率（％）"": {""2020年8月"": null, ""2021年8月"": null, ""2022年8月"": null, ""2023年8月"": null}}, {""自己資本利益率（％）"": {""2020年8月"": null, ""2021年8月"": null, ""2022年8月"": null, ""2023年8月"": null}}]"	マテリアルグループ（156A）、企業などの認知度向上を支援する「PRコンサルティング事業」、マーケティング支援や広告制作などをおこなう「デジタルマーケティング事業」、企業とメディアがオンライン・オフラインでつながるためのプラットフォームを提供する「PRプラットフォーム事業」を展開しています。2022年8月期に、複数の企業を子会社化したことで業績が拡大していますが、その後は、横ばい傾向にあります。	https://materialgroup.jp/
	カウリス	153A										https://www.ipokiso.com/company/2024/caulis.html	https://disclosure2dl.edinet-fsa.go.jp/searchdocument/pdf/S100SY3L.pdf	https://irbank.net/153A/ir	法人向けクラウド型不正アクセス検知サービスの提供など	87.6	2015年12月（9年目）	3月28日(木)	東証グロース	"[{""株主名"": ""（株）rhizome"", ""比率"": 50.14, ""ロックアップ"": ""180日間"", ""isCEO"": false}, {""株主名"": ""島津 敦好（社長）"", ""比率"": 8.88, ""ロックアップ"": ""180日間"", ""isCEO"": true}, {""株主名"": ""造田 洋典"", ""比率"": 4.61, ""ロックアップ"": ""180日間"", ""isCEO"": false}, {""株主名"": ""Salesforce Ventures LLC(常任代理人 （株）セールスフォース・ジャパン)"", ""比率"": 4.51, ""ロックアップ"": ""90日間1.5倍"", ""isCEO"": false}, {""株主名"": ""安藤 洋輔"", ""比率"": 4.32, ""ロックアップ"": ""180日間"", ""isCEO"": false}, {""株主名"": ""大久保 久幸"", ""比率"": 2.92, ""ロックアップ"": ""180日間"", ""isCEO"": false}, {""株主名"": ""ソニーグループ（株）"", ""比率"": 2.91, ""ロックアップ"": ""90日間1.5倍"", ""isCEO"": false}, {""株主名"": ""（株）電通総研"", ""比率"": 2.91, ""ロックアップ"": """", ""isCEO"": false}, {""株主名"": ""関西電力送配電（株）"", ""比率"": 2.38, ""ロックアップ"": ""180日間"", ""isCEO"": false}, {""株主名"": ""眞武 信和"", ""比率"": 2.15, ""ロックアップ"": ""180日間"", ""isCEO"": false}]"	"[{""売上高（百万円）"": {""2019年12月"": null, ""2020年12月"": null, ""2021年12月"": null, ""2022年12月"": null}}, {""経常利益（百万円）"": {""2019年12月"": null, ""2020年12月"": null, ""2021年12月"": null, ""2022年12月"": null}}, {""当期純利益（百万円）"": {""2019年12月"": null, ""2020年12月"": null, ""2021年12月"": null, ""2022年12月"": null}}, {""純資産額（百万円）"": {""2019年12月"": null, ""2020年12月"": null, ""2021年12月"": null, ""2022年12月"": null}}, {""1株あたりの純資産額（円）"": {""2019年12月"": null, ""2020年12月"": null, ""2021年12月"": null, ""2022年12月"": null}}, {""1株あたりの純利益（円）"": {""2019年12月"": null, ""2020年12月"": null, ""2021年12月"": null, ""2022年12月"": null}}, {""自己資本比率（％）"": {""2019年12月"": null, ""2020年12月"": null, ""2021年12月"": null, ""2022年12月"": null}}, {""自己資本利益率（％）"": {""2019年12月"": null, ""2020年12月"": null, ""2021年12月"": null, ""2022年12月"": null}}]"	カウリス（153A）、マネー・ロンダリングおよびサイバーセキュリティー対策として「Fraud Alert」を提供しています。顧客は、銀行・証券会社、通信キャリア、ガスなどのインフラ事業者などで、ユーザーが不正利用をしていないか監視しています。直近の業績推移を見ると、売り上げが右肩上がりで伸びており、今後の成長性も感じられます。	https://caulis.jp/
	情報戦略テクノロジー	155A										https://www.ipokiso.com/company/2024/is-tech.html	https://disclosure2dl.edinet-fsa.go.jp/searchdocument/pdf/S100SY3Q.pdf	https://irbank.net/155A/ir	大手企業向けＤＸ内製支援サービスなど	59.8	2009年1月（16年目）	3月28日(木)	東証グロース	"[{""株主名"": ""髙井 淳（社長）"", ""比率"": 47.42, ""ロックアップ"": ""180日間"", ""isCEO"": true}, {""株主名"": ""（株）ISTホールディングス"", ""比率"": 37.08, ""ロックアップ"": ""180日間"", ""isCEO"": false}, {""株主名"": ""コタエル信託（株）"", ""比率"": 6.99, ""ロックアップ"": ""180日間"", ""isCEO"": false}, {""株主名"": ""近藤 将人"", ""比率"": 2.97, ""ロックアップ"": ""180日間"", ""isCEO"": false}, {""株主名"": ""礒谷 幸始"", ""比率"": 2.8, ""ロックアップ"": ""180日間"", ""isCEO"": false}, {""株主名"": ""情報戦略テクノロジー社員持株会"", ""比率"": 1.75, ""ロックアップ"": ""180日間"", ""isCEO"": false}, {""株主名"": ""廣田 重徳"", ""比率"": 1.0, ""ロックアップ"": ""180日間"", ""isCEO"": false}]"	"[{""売上高（百万円）"": {""2019年12月"": null, ""2020年12月"": null, ""2021年12月"": null, ""2022年12月"": null}}, {""経常利益（百万円）"": {""2019年12月"": null, ""2020年12月"": null, ""2021年12月"": null, ""2022年12月"": null}}, {""当期純利益（百万円）"": {""2019年12月"": null, ""2020年12月"": null, ""2021年12月"": null, ""2022年12月"": null}}, {""純資産額（百万円）"": {""2019年12月"": null, ""2020年12月"": null, ""2021年12月"": null, ""2022年12月"": null}}, {""1株あたりの純資産額（円）"": {""2019年12月"": null, ""2020年12月"": null, ""2021年12月"": null, ""2022年12月"": null}}, {""1株あたりの純利益（円）"": {""2019年12月"": null, ""2020年12月"": null, ""2021年12月"": null, ""2022年12月"": null}}, {""自己資本比率（％）"": {""2019年12月"": null, ""2020年12月"": null, ""2021年12月"": null, ""2022年12月"": null}}, {""自己資本利益率（％）"": {""2019年12月"": null, ""2020年12月"": null, ""2021年12月"": null, ""2022年12月"": null}}]"	情報戦略テクノロジー（155A）、顧客のIT・デジタル技術による効率化を実現する「0次システム開発」を展開しています。0次システム開発は、顧客とエンジニアが、提案・相談を繰り返しながら開発していく「アジャイル型」と言われるプロジェクト進行手法です。直近の業績推移を見ると、右肩上がりで売上を伸ばしており、今後の成長性も感じられます。	https://www.is-tech.co.jp/
	シンカ	149A										https://www.ipokiso.com/company/2024/thinca.html	https://disclosure2dl.edinet-fsa.go.jp/searchdocument/pdf/S100SXU2.pdf	https://irbank.net/149A/ir	コミュニケーションプラットフォーム『カイクラ』の開発、販売およびその他関連する業務	33.2	2014年1月（11年目）	3月27日(水)	東証グロース	"[{""株主名"": ""江尻 高宏（社長）"", ""比率"": 17.2, ""ロックアップ"": ""180日間"", ""isCEO"": true}, {""株主名"": ""DCIベンチャー成長支援投資事業有限責任組合"", ""比率"": 16.72, ""ロックアップ"": ""90日間1.5倍"", ""isCEO"": false}, {""株主名"": ""（株）ナンディ"", ""比率"": 9.08, ""ロックアップ"": ""180日間"", ""isCEO"": false}, {""株主名"": ""SBI AI&Blockchain投資事業有限責任組合"", ""比率"": 8.1, ""ロックアップ"": ""90日間1.5倍"", ""isCEO"": false}, {""株主名"": ""東京神奈川イノベーション応援1号投資事業有限責任組合"", ""比率"": 4.52, ""ロックアップ"": ""90日間1.5倍"", ""isCEO"": false}, {""株主名"": ""リード・グロース3号投資事業有限責任組合"", ""比率"": 4.41, ""ロックアップ"": ""90日間1.5倍"", ""isCEO"": false}, {""株主名"": ""NVCC8号投資事業有限責任組合"", ""比率"": 3.76, ""ロックアップ"": ""90日間1.5倍"", ""isCEO"": false}, {""株主名"": ""スターティアレイズ（株）"", ""比率"": 3.37, ""ロックアップ"": ""90日間1.5倍"", ""isCEO"": false}, {""株主名"": ""（株）J.C.O.S"", ""比率"": 3.24, ""ロックアップ"": ""90日間1.5倍"", ""isCEO"": false}, {""株主名"": ""池田 吉史"", ""比率"": 3.11, ""ロックアップ"": ""180日間"", ""isCEO"": false}]"	"[{""売上高（百万円）"": {""2019年12月"": null, ""2020年12月"": null, ""2021年12月"": null, ""2022年12月"": null}}, {""経常利益（百万円）"": {""2019年12月"": null, ""2020年12月"": null, ""2021年12月"": null, ""2022年12月"": null}}, {""当期純利益（百万円）"": {""2019年12月"": null, ""2020年12月"": null, ""2021年12月"": null, ""2022年12月"": null}}, {""純資産額（百万円）"": {""2019年12月"": null, ""2020年12月"": null, ""2021年12月"": null, ""2022年12月"": null}}, {""1株あたりの純資産額（円）"": {""2019年12月"": null, ""2020年12月"": null, ""2021年12月"": null, ""2022年12月"": null}}, {""1株あたりの純利益（円）"": {""2019年12月"": null, ""2020年12月"": null, ""2021年12月"": null, ""2022年12月"": null}}, {""自己資本比率（％）"": {""2019年12月"": null, ""2020年12月"": null, ""2021年12月"": null, ""2022年12月"": null}}, {""自己資本利益率（％）"": {""2019年12月"": null, ""2020年12月"": null, ""2021年12月"": null, ""2022年12月"": null}}]"	シンカ（149A）、クラウドを活用したコミュニケーションプラットフォーム「カイクラ」の開発・販売などをおこなっています。カイクラユーザーのオフィスの固定電話に着信があった場合、その着信と同時に、カイクラと連携したデバイス画面に、自動で過去の会話履歴などの顧客情報をポップアップ表示します。直近の業績推移を見ると、売り上げが右肩上がりで伸びており、今後の成長性も感じられます。	https://www.thinca.co.jp/
	ダイブ	151A										https://www.ipokiso.com/company/2024/dive.html	https://disclosure2dl.edinet-fsa.go.jp/searchdocument/pdf/S100SXTY.pdf	https://irbank.net/151A/ir	リゾートバイトに特化した人材派遣・人材紹介事業、宿泊施設運営事業、情報システム事業	47.3	2002年3月（22年目）	3月27日(水)	東証グロース	"[{""株主名"": ""庄子 潔（社長）"", ""比率"": 52.69, ""ロックアップ"": ""180日間"", ""isCEO"": true}, {""株主名"": ""合同会社なかなか"", ""比率"": 27.55, ""ロックアップ"": ""180日間"", ""isCEO"": false}, {""株主名"": ""コタエル信託（株）"", ""比率"": 7.2, ""ロックアップ"": """", ""isCEO"": false}, {""株主名"": ""山本 拓嗣"", ""比率"": 2.8, ""ロックアップ"": ""180日間"", ""isCEO"": false}, {""株主名"": ""ダイブ従業員持株会"", ""比率"": 2.39, ""ロックアップ"": ""180日間"", ""isCEO"": false}, {""株主名"": ""SBI4&5投資事業有限責任組合"", ""比率"": 1.85, ""ロックアップ"": ""180日間"", ""isCEO"": false}, {""株主名"": ""野方 慎太郎"", ""比率"": 1.62, ""ロックアップ"": ""180日間"", ""isCEO"": false}, {""株主名"": ""SBI4&5投資事業有限責任組合2号"", ""比率"": 1.15, ""ロックアップ"": ""180日間"", ""isCEO"": false}, {""株主名"": ""合同会社ノットカンパニー"", ""比率"": 0.44, ""ロックアップ"": ""180日間"", ""isCEO"": false}, {""株主名"": ""西江 肇司"", ""比率"": 0.44, ""ロックアップ"": """", ""isCEO"": false}]"	"[{""売上高（百万円）"": {""2020年3月"": null, ""2021年6月"": null, ""2022年6月"": null, ""2023年6月"": null}}, {""経常利益（百万円）"": {""2020年3月"": null, ""2021年6月"": null, ""2022年6月"": null, ""2023年6月"": null}}, {""当期純利益（百万円）"": {""2020年3月"": null, ""2021年6月"": null, ""2022年6月"": null, ""2023年6月"": null}}, {""純資産額（百万円）"": {""2020年3月"": null, ""2021年6月"": null, ""2022年6月"": null, ""2023年6月"": null}}, {""1株あたりの純資産額（円）"": {""2020年3月"": null, ""2021年6月"": null, ""2022年6月"": null, ""2023年6月"": null}}, {""1株あたりの純利益（円）"": {""2020年3月"": null, ""2021年6月"": null, ""2022年6月"": null, ""2023年6月"": null}}, {""自己資本比率（％）"": {""2020年3月"": null, ""2021年6月"": null, ""2022年6月"": null, ""2023年6月"": null}}, {""自己資本利益率（％）"": {""2020年3月"": null, ""2021年6月"": null, ""2022年6月"": null, ""2023年6月"": null}}]"	"ダイブ（151A）、リゾートバイトに特化した人材サービスを提供する「観光HR事業」、グランピング施設などの企画開発・経営・運営をまとめておこなう「地方創生事業」、顧客の情報システム周り全般をサポートする「情報システム事業」を展開しています。
直近の業績推移を見ると、新型コロナウイルスの影響で売上が大きく落ち込んでいますが、現在は元の水準に戻っているようです。"	https://dive.design/
	コロンビア・ワークス	146A										https://www.ipokiso.com/company/2024/columbiaworks.html	https://disclosure2dl.edinet-fsa.go.jp/searchdocument/pdf/S100SXJK.pdf	https://irbank.net/146A/ir	不動産開発事業を単一セグメントとする不動産開発、不動産賃貸管理、ホテル運営	103.7	2013年5月（11年目）	3月27日(水)	東証スタンダード	"[{""株主名"": ""Nstyle（株）"", ""比率"": 52.0, ""ロックアップ"": ""90日間"", ""isCEO"": false}, {""株主名"": ""中内 準（社長）"", ""比率"": 41.4, ""ロックアップ"": ""90日間"", ""isCEO"": true}, {""株主名"": ""水山 直也"", ""比率"": 6.6, ""ロックアップ"": ""90日間"", ""isCEO"": false}]"	"[{""売上高（百万円）"": {""2019年12月"": null, ""2020年12月"": null, ""2021年12月"": null, ""2022年12月"": null}}, {""経常利益（百万円）"": {""2019年12月"": null, ""2020年12月"": null, ""2021年12月"": null, ""2022年12月"": null}}, {""当期純利益（百万円）"": {""2019年12月"": null, ""2020年12月"": null, ""2021年12月"": null, ""2022年12月"": null}}, {""純資産額（百万円）"": {""2019年12月"": null, ""2020年12月"": null, ""2021年12月"": null, ""2022年12月"": null}}, {""1株あたりの純資産額（円）"": {""2019年12月"": null, ""2020年12月"": null, ""2021年12月"": null, ""2022年12月"": null}}, {""1株あたりの純利益（円）"": {""2019年12月"": null, ""2020年12月"": null, ""2021年12月"": null, ""2022年12月"": null}}, {""自己資本比率（％）"": {""2019年12月"": null, ""2020年12月"": null, ""2021年12月"": null, ""2022年12月"": null}}, {""自己資本利益率（％）"": {""2019年12月"": null, ""2020年12月"": null, ""2021年12月"": null, ""2022年12月"": null}}]"	コロンビア・ワークス（146A）、不動産開発サービス、不動産賃貸管理サービス、ホテル運営サービス、アセットマネジメント（不動産の総合管理）サービスを提供しています。2023年12月期も売上高14,469百万円、経常利益2,382百万円を達成しており、引き続き業績を拡大させています。	https://columbiaworks.jp
	ハッチ・ワーク	148A										https://www.ipokiso.com/company/2024/hatchwork.html	https://disclosure2dl.edinet-fsa.go.jp/searchdocument/pdf/S100SXJJ.pdf	https://irbank.net/148A/ir	月極駐車場検索ポータルサイト『アットパーキング』、月極駐車場オンライン管理支援サービス『アットパーキングクラウド』の提供ならびに、貸し会議室サービス『アットビジネスセンター』の運営	30.5	2000年6月（24年目）	3月26日(火)	東証グロース	"[{""株主名"": ""（株）大竹アンドパートナーズ"", ""比率"": 25.27, ""ロックアップ"": ""180日間"", ""isCEO"": false}, {""株主名"": ""（株）ダイナエッグ"", ""比率"": 15.03, ""ロックアップ"": ""180日間"", ""isCEO"": false}, {""株主名"": ""大竹 弘"", ""比率"": 11.49, ""ロックアップ"": ""180日間"", ""isCEO"": false}, {""株主名"": ""増田 知平（社長）"", ""比率"": 10.02, ""ロックアップ"": ""180日間"", ""isCEO"": true}, {""株主名"": ""ENEOSイノベーションパートナーズ合同会社"", ""比率"": 6.34, ""ロックアップ"": ""180日間"", ""isCEO"": false}, {""株主名"": ""EEI4号イノベーション&インパクト投資事業有限責任組合"", ""比率"": 3.25, ""ロックアップ"": ""90日間\r\n1.5倍"", ""isCEO"": false}, {""株主名"": ""イノベーション・エンジンPOC第2号投資事業有限責任組合"", ""比率"": 2.97, ""ロックアップ"": ""90日間\r\n1.5倍"", ""isCEO"": false}, {""株主名"": ""IEファスト&エクセレント投資事業有限責任組合"", ""比率"": 2.75, ""ロックアップ"": ""90日間\r\n1.5倍"", ""isCEO"": false}, {""株主名"": ""谷 正男"", ""比率"": 2.48, ""ロックアップ"": ""180日間"", ""isCEO"": false}, {""株主名"": ""マーキュリア・ビズテック投資事業有限責任組合"", ""比率"": 2.11, ""ロックアップ"": ""90日間1.5倍"", ""isCEO"": false}]"	"[{""売上高（百万円）"": {""2019年12月"": null, ""2020年12月"": null, ""2021年12月"": null, ""2022年12月"": null}}, {""経常利益（百万円）"": {""2019年12月"": null, ""2020年12月"": null, ""2021年12月"": null, ""2022年12月"": null}}, {""当期純利益（百万円）"": {""2019年12月"": null, ""2020年12月"": null, ""2021年12月"": null, ""2022年12月"": null}}, {""純資産額（百万円）"": {""2019年12月"": null, ""2020年12月"": null, ""2021年12月"": null, ""2022年12月"": null}}, {""1株あたりの純資産額（円）"": {""2019年12月"": null, ""2020年12月"": null, ""2021年12月"": null, ""2022年12月"": null}}, {""1株あたりの純利益（円）"": {""2019年12月"": null, ""2020年12月"": null, ""2021年12月"": null, ""2022年12月"": null}}, {""自己資本比率（％）"": {""2019年12月"": null, ""2020年12月"": null, ""2021年12月"": null, ""2022年12月"": null}}, {""自己資本利益率（％）"": {""2019年12月"": null, ""2020年12月"": null, ""2021年12月"": null, ""2022年12月"": null}}]"	"ハッチ・ワーク（148A）、月極駐車場オンライン管理支援サービス「アットパーキング」などを提供する月極イノベーション事業、貸会議室サービス「アットビジネスセンター」などを提供するビルディングイノベーション事業を展開しています。直近の業績推移を見ると、売上が頭打ち気味になっており、将来性がそれほど感じられません。

 　公開株数は少なめですが、主要大株主いるベンチャーキャピタルのロックアップが公募価格比1.5倍で外れてしまいます。また、同日にL is B（145A）、ソラコム（147A）も上場予定で、買いが集まりにくくなっています。総合的に見て、初値は小幅な上昇にとどまると予想します。"	https://hatchwork.co.jp/
	JSH	150A										https://www.ipokiso.com/company/2024/jsh-japan.html	https://disclosure2dl.edinet-fsa.go.jp/searchdocument/pdf/S100SXTW.pdf	https://irbank.net/150A/ir	地方創生事業（障がい者雇用支援サービス、観光物産サービス）、在宅医療事業（精神科訪問診療コンサルティング・訪問看護サービス）	20.8	2016年4月（8年目）	3月26日(火)	東証グロース	"[{""株主名"": ""野口 和輝（社長）"", ""比率"": 39.63, ""ロックアップ"": ""180日間"", ""isCEO"": true}, {""株主名"": ""ジャフコSV5共有投資事業有限責任組合"", ""比率"": 31.51, ""ロックアップ"": ""90日間1.5倍"", ""isCEO"": false}, {""株主名"": ""ジャフコSV5スター投資事業有限責任組合"", ""比率"": 7.79, ""ロックアップ"": ""90日間1.5倍"", ""isCEO"": false}, {""株主名"": ""東京センチュリー（株）"", ""比率"": 3.61, ""ロックアップ"": ""90日間1.5倍"", ""isCEO"": false}, {""株主名"": ""Ariake Secondary Fund III LP無限責任組合員Ariake Capital Management III Limited常任代理人 あいざわアセットマネジメント（株）"", ""比率"": 2.14, ""ロックアップ"": """", ""isCEO"": false}, {""株主名"": ""芙蓉総合リース（株）"", ""比率"": 2.14, ""ロックアップ"": ""180日間"", ""isCEO"": false}, {""株主名"": ""FFGベンチャー投資事業有限責任組合第2号"", ""比率"": 1.47, ""ロックアップ"": ""90日間1.5倍"", ""isCEO"": false}, {""株主名"": ""SGインキュベート第1号投資事業有限責任組合"", ""比率"": 1.32, ""ロックアップ"": ""90日間1.5倍"", ""isCEO"": false}, {""株主名"": ""大分VCサクセスファンド6号投資事業有限責任組合"", ""比率"": 0.84, ""ロックアップ"": ""180日間"", ""isCEO"": false}, {""株主名"": ""三菱UFJキャピタル8号投資事業有限責任組合"", ""比率"": 0.67, ""ロックアップ"": ""90日間1.5倍"", ""isCEO"": false}]"	"[{""売上高（百万円）"": {""2020年3月"": null, ""2021年3月"": null, ""2022年3月"": null, ""2023年3月"": null}}, {""経常利益（百万円）"": {""2020年3月"": null, ""2021年3月"": null, ""2022年3月"": null, ""2023年3月"": null}}, {""当期純利益（百万円）"": {""2020年3月"": null, ""2021年3月"": null, ""2022年3月"": null, ""2023年3月"": null}}, {""純資産額（百万円）"": {""2020年3月"": null, ""2021年3月"": null, ""2022年3月"": null, ""2023年3月"": null}}, {""1株あたりの純資産額（円）"": {""2020年3月"": null, ""2021年3月"": null, ""2022年3月"": null, ""2023年3月"": null}}, {""1株あたりの純利益（円）"": {""2020年3月"": null, ""2021年3月"": null, ""2022年3月"": null, ""2023年3月"": null}}, {""自己資本比率（％）"": {""2020年3月"": null, ""2021年3月"": null, ""2022年3月"": null, ""2023年3月"": null}}, {""自己資本利益率（％）"": {""2020年3月"": null, ""2021年3月"": null, ""2022年3月"": null, ""2023年3月"": null}}]"	JSH[ジェイエスエイチ]（150A）、医療機関への訪問診療のコンサルティングおよび、訪問看護サービスを提供する「在宅医療事業」、障がい者雇用支援および観光物産支援をおこなう「地方創生事業」を展開しています。直近の業績推移を見ると、右肩上がりで売上高を伸ばしています。	https://www.jsh-japan.jp/
	L is B	145A										https://www.ipokiso.com/company/2024/l-is-b.html	https://disclosure2dl.edinet-fsa.go.jp/searchdocument/pdf/S100SXJG.pdf	https://irbank.net/145A/ir	フィードワーカー向けビジネスチャット「direct」を中心とした現場DXサービスの開発・提供	45.6	2010年9月（14年目）	3月26日(火)	東証グロース	"[{""株主名"": ""（株）Well Side"", ""比率"": 33.43, ""ロックアップ"": ""90日間"", ""isCEO"": false}, {""株主名"": ""横井 太輔（社長）"", ""比率"": 14.08, ""ロックアップ"": ""90日間"", ""isCEO"": true}, {""株主名"": ""（株）インターネットイニシアティブ"", ""比率"": 6.86, ""ロックアップ"": """", ""isCEO"": false}, {""株主名"": ""（株）チェンジホールディングス"", ""比率"": 6.58, ""ロックアップ"": ""90日間"", ""isCEO"": false}, {""株主名"": ""DCIベンチャー成長支援投資事業有限責任組合"", ""比率"": 5.85, ""ロックアップ"": ""90日間1.5倍"", ""isCEO"": false}, {""株主名"": ""アズワン（株）"", ""比率"": 4.39, ""ロックアップ"": ""90日間"", ""isCEO"": false}, {""株主名"": ""浮川 和宣"", ""比率"": 2.63, ""ロックアップ"": ""90日間"", ""isCEO"": false}, {""株主名"": ""（株）サンロフト"", ""比率"": 1.76, ""ロックアップ"": ""90日間"", ""isCEO"": false}, {""株主名"": ""（株）QTnet"", ""比率"": 1.76, ""ロックアップ"": ""90日間"", ""isCEO"": false}, {""株主名"": ""城戸 猛"", ""比率"": 1.54, ""ロックアップ"": ""90日間"", ""isCEO"": false}]"	"[{""売上高（百万円）"": {""2019年12月"": null, ""2020年12月"": null, ""2021年12月"": null, ""2022年12月"": null}}, {""経常利益（百万円）"": {""2019年12月"": null, ""2020年12月"": null, ""2021年12月"": null, ""2022年12月"": null}}, {""当期純利益（百万円）"": {""2019年12月"": null, ""2020年12月"": null, ""2021年12月"": null, ""2022年12月"": null}}, {""純資産額（百万円）"": {""2019年12月"": null, ""2020年12月"": null, ""2021年12月"": null, ""2022年12月"": null}}, {""1株あたりの純資産額（円）"": {""2019年12月"": null, ""2020年12月"": null, ""2021年12月"": null, ""2022年12月"": null}}, {""1株あたりの純利益（円）"": {""2019年12月"": null, ""2020年12月"": null, ""2021年12月"": null, ""2022年12月"": null}}, {""自己資本比率（％）"": {""2019年12月"": null, ""2020年12月"": null, ""2021年12月"": null, ""2022年12月"": null}}, {""自己資本利益率（％）"": {""2019年12月"": null, ""2020年12月"": null, ""2021年12月"": null, ""2022年12月"": null}}]"	L is B[エルイズビー]（145A）、現場向けビジネスチャット「direct」など、現場を持つ企業の業務課題を解決するデジタルサービスを提供しています。直近の業績推移を見ると、売り上げが順調に伸びており、今後の成長性も感じられます。	https://l-is-b.com/ja/ir/notice/
	ソラコム	147A										https://www.ipokiso.com/company/2024/soracom.html	https://disclosure2dl.edinet-fsa.go.jp/searchdocument/pdf/S100SXJR.pdf	https://irbank.net/147A/ir	IoTプラットフォーム『SORACOM』の開発・提供	365.2	2014年11月（10年目）	3月26日(火)	東証グロース	"[{""株主名"": ""KDDI（株）"", ""比率"": 58.22, ""ロックアップ"": ""180日間"", ""isCEO"": false}, {""株主名"": ""玉川 憲（社長）"", ""比率"": 7.7, ""ロックアップ"": ""180日間"", ""isCEO"": true}, {""株主名"": ""舩渡 大地"", ""比率"": 7.62, ""ロックアップ"": ""180日間"", ""isCEO"": false}, {""株主名"": ""安川 健太"", ""比率"": 5.27, ""ロックアップ"": ""180日間"", ""isCEO"": false}, {""株主名"": ""セコム（株）"", ""比率"": 2.22, ""ロックアップ"": ""180日間"", ""isCEO"": false}, {""株主名"": ""ソースネクスト（株）"", ""比率"": 2.22, ""ロックアップ"": ""180日間"", ""isCEO"": false}, {""株主名"": ""ソニーグループ（株）"", ""比率"": 2.22, ""ロックアップ"": ""180日間"", ""isCEO"": false}, {""株主名"": ""日本瓦斯（株）"", ""比率"": 2.22, ""ロックアップ"": ""180日間"", ""isCEO"": false}, {""株主名"": ""（株）日立製作所"", ""比率"": 2.22, ""ロックアップ"": ""180日間"", ""isCEO"": false}, {""株主名"": ""WiL Ventures III, L.P.(常任代理人 （株）WiL)"", ""比率"": 2.22, ""ロックアップ"": """", ""isCEO"": false}]"	"[{""売上高（百万円）"": {""2020年3月"": null, ""2021年3月"": null, ""2022年3月"": null, ""2023年3月"": null}}, {""経常利益（百万円）"": {""2020年3月"": null, ""2021年3月"": null, ""2022年3月"": null, ""2023年3月"": null}}, {""当期純利益（百万円）"": {""2020年3月"": null, ""2021年3月"": null, ""2022年3月"": null, ""2023年3月"": null}}, {""純資産額（百万円）"": {""2020年3月"": null, ""2021年3月"": null, ""2022年3月"": null, ""2023年3月"": null}}, {""1株あたりの純資産額（円）"": {""2020年3月"": null, ""2021年3月"": null, ""2022年3月"": null, ""2023年3月"": null}}, {""1株あたりの純利益（円）"": {""2020年3月"": null, ""2021年3月"": null, ""2022年3月"": null, ""2023年3月"": null}}, {""自己資本比率（％）"": {""2020年3月"": null, ""2021年3月"": null, ""2022年3月"": null, ""2023年3月"": null}}, {""自己資本利益率（％）"": {""2020年3月"": null, ""2021年3月"": null, ""2022年3月"": null, ""2023年3月"": null}}]"	ソラコム（147A）、IoTデバイスやIoTに必要な通信回線、データ保存や可視化アプリケーションなどを提供しています。IoT（Internet of Thing：アイ・オー・ティー）とは、世の中のあらゆるモノをインターネットにつないで、より便利な生活基盤を作り上げる技術のことです。	https://soracom.com/ja-jp/
	イシン	143A										https://www.ipokiso.com/company/2024/ishin.html	https://disclosure2dl.edinet-fsa.go.jp/searchdocument/pdf/S100SXJL.pdf	https://irbank.net/143A/ir	企業の自治体向けマーケティング支援事業、日系大手企業のグローバルオープンイノベーション支援事業、成長企業のブランディングおよび採用支援事業	19.9	2005年4月（19年目）	3月25日(月)	東証グロース	"[{""株主名"": ""（株）Bright Stone"", ""比率"": 44.76, ""ロックアップ"": ""180日間"", ""isCEO"": false}, {""株主名"": ""明石 智義"", ""比率"": 37.07, ""ロックアップ"": ""180日間"", ""isCEO"": false}, {""株主名"": ""松浦 道生"", ""比率"": 4.24, ""ロックアップ"": ""180日間"", ""isCEO"": false}, {""株主名"": ""村口 和孝"", ""比率"": 3.14, ""ロックアップ"": ""180日間"", ""isCEO"": false}, {""株主名"": ""片岡 聡（社長）"", ""比率"": 3.02, ""ロックアップ"": ""180日間"", ""isCEO"": true}, {""株主名"": ""吉田 秀明"", ""比率"": 1.88, ""ロックアップ"": ""180日間"", ""isCEO"": false}, {""株主名"": ""丸山 広大"", ""比率"": 1.88, ""ロックアップ"": ""180日間"", ""isCEO"": false}, {""株主名"": ""松本 大"", ""比率"": 1.25, ""ロックアップ"": ""180日間"", ""isCEO"": false}, {""株主名"": ""西中 大史"", ""比率"": 0.59, ""ロックアップ"": ""180日間"", ""isCEO"": false}, {""株主名"": ""吉川 慶"", ""比率"": 0.42, ""ロックアップ"": ""継続保有"", ""isCEO"": false}]"	"[{""売上高（百万円）"": {""2020年3月"": null, ""2021年3月"": null, ""2022年3月"": null, ""2023年3月"": null}}, {""経常利益（百万円）"": {""2020年3月"": null, ""2021年3月"": null, ""2022年3月"": null, ""2023年3月"": null}}, {""当期純利益（百万円）"": {""2020年3月"": null, ""2021年3月"": null, ""2022年3月"": null, ""2023年3月"": null}}, {""純資産額（百万円）"": {""2020年3月"": null, ""2021年3月"": null, ""2022年3月"": null, ""2023年3月"": null}}, {""1株あたりの純資産額（円）"": {""2020年3月"": null, ""2021年3月"": null, ""2022年3月"": null, ""2023年3月"": null}}, {""1株あたりの純利益（円）"": {""2020年3月"": null, ""2021年3月"": null, ""2022年3月"": null, ""2023年3月"": null}}, {""自己資本比率（％）"": {""2020年3月"": null, ""2021年3月"": null, ""2022年3月"": null, ""2023年3月"": null}}, {""自己資本利益率（％）"": {""2020年3月"": null, ""2021年3月"": null, ""2022年3月"": null, ""2023年3月"": null}}]"	イシン（143A）、自治体のデジタル技術による効率化支援、国内大手企業の組織内部において創出したイノベーションの展開支援、成長ベンチャー企業向けにブランディングや採用支援をサービスとして提供しています。	https://ishin1853.co.jp/
	ジンジブ	142A										https://www.ipokiso.com/company/2024/jinjib.html	https://disclosure2dl.edinet-fsa.go.jp/searchdocument/pdf/S100SX0E.pdf	https://irbank.net/142A/ir	高卒就職採用支援サービスおよび人財育成サービス	22.2	2015年3月（9年目）	3月22日(金)	東証グロース	"[{""株主名"": ""佐々木 満秀（社長）"", ""比率"": 74.54, ""ロックアップ"": ""180日間"", ""isCEO"": true}, {""株主名"": ""三菱UFJキャピタル7号投資事業有限責任組合"", ""比率"": 10.09, ""ロックアップ"": ""90日間1.5倍"", ""isCEO"": false}, {""株主名"": ""ナントCVC2号投資事業有限責任組合"", ""比率"": 3.88, ""ロックアップ"": ""90日間1.5倍"", ""isCEO"": false}, {""株主名"": ""海老根 智仁"", ""比率"": 2.33, ""ロックアップ"": ""180日間"", ""isCEO"": false}, {""株主名"": ""森 隆史"", ""比率"": 1.76, ""ロックアップ"": ""180日間"", ""isCEO"": false}, {""株主名"": ""森田 司"", ""比率"": 1.15, ""ロックアップ"": ""180日間"", ""isCEO"": false}, {""株主名"": ""渡邊 圭美"", ""比率"": 1.07, ""ロックアップ"": ""180日間"", ""isCEO"": false}, {""株主名"": ""新田 圭"", ""比率"": 0.99, ""ロックアップ"": ""180日間"", ""isCEO"": false}, {""株主名"": ""長谷川 佳紀"", ""比率"": 0.99, ""ロックアップ"": ""180日間"", ""isCEO"": false}, {""株主名"": ""池田 良介"", ""比率"": 0.78, ""ロックアップ"": ""180日間"", ""isCEO"": false}]"	"[{""売上高（百万円）"": {""2020年3月"": null, ""2021年3月"": null, ""2022年3月"": null, ""2023年3月"": null}}, {""経常利益（百万円）"": {""2020年3月"": null, ""2021年3月"": null, ""2022年3月"": null, ""2023年3月"": null}}, {""当期純利益（百万円）"": {""2020年3月"": null, ""2021年3月"": null, ""2022年3月"": null, ""2023年3月"": null}}, {""純資産額（百万円）"": {""2020年3月"": null, ""2021年3月"": null, ""2022年3月"": null, ""2023年3月"": null}}, {""1株あたりの純資産額（円）"": {""2020年3月"": null, ""2021年3月"": null, ""2022年3月"": null, ""2023年3月"": null}}, {""1株あたりの純利益（円）"": {""2020年3月"": null, ""2021年3月"": null, ""2022年3月"": null, ""2023年3月"": null}}, {""自己資本比率（％）"": {""2020年3月"": null, ""2021年3月"": null, ""2022年3月"": null, ""2023年3月"": null}}, {""自己資本利益率（％）"": {""2020年3月"": null, ""2021年3月"": null, ""2022年3月"": null, ""2023年3月"": null}}]"	ジンジブ（142A）、高校生に特化した新卒採用支援サービス、高卒社会人の教育・転職支援サービス、および、高校生・高卒社会人向けの教育研修プログラムサービスを提供しています。直近の業績推移を見ると、売り上げが右肩上がりで急激に伸びており、今後の成長性も感じられます。	https://jinjib.co.jp/
	STG	5858										https://www.ipokiso.com/company/2024/stgroup.html	https://disclosure2dl.edinet-fsa.go.jp/searchdocument/pdf/S100SXIY.pdf	https://irbank.net/5858/ir	マグネシウムおよびアルミニウムダイカスト製品の製造・販売	18.5	1982年6月（42年目）	3月21日(木)	東証グロース	"[{""株主名"": ""佐藤 輝明（社長）"", ""比率"": 32.48, ""ロックアップ"": ""180日間"", ""isCEO"": true}, {""株主名"": ""TNP中小企業・ベンチャー企業成長応 援投資事業有限責任組合"", ""比率"": 14.68, ""ロックアップ"": ""90日間1.5倍"", ""isCEO"": false}, {""株主名"": ""佐藤 武幸"", ""比率"": 10.26, ""ロックアップ"": ""180日間"", ""isCEO"": false}, {""株主名"": ""三菱UFJキャピタル3号投資事業 有限責任組合"", ""比率"": 8.61, ""ロックアップ"": """", ""isCEO"": false}, {""株主名"": ""KSP3号投資事業有限責任組合"", ""比率"": 6.15, ""ロックアップ"": """", ""isCEO"": false}, {""株主名"": ""森田 泰成"", ""比率"": 5.41, ""ロックアップ"": ""180日間"", ""isCEO"": false}, {""株主名"": ""兼光 喜彦"", ""比率"": 5.17, ""ロックアップ"": ""180日間"", ""isCEO"": false}, {""株主名"": ""ごうぎんキャピタル3号投資事業有 限責任組合"", ""比率"": 4.92, ""ロックアップ"": """", ""isCEO"": false}, {""株主名"": ""島根県産業活性化投資事業有限責任 組合"", ""比率"": 3.51, ""ロックアップ"": """", ""isCEO"": false}, {""株主名"": ""KSP4号投資事業有限責任組合"", ""比率"": 2.46, ""ロックアップ"": """", ""isCEO"": false}]"	"[{""売上高（百万円）"": {""2020年3月"": null, ""2021年3月"": null, ""2022年3月"": null, ""2023年3月"": null}}, {""経常利益（百万円）"": {""2020年3月"": null, ""2021年3月"": null, ""2022年3月"": null, ""2023年3月"": null}}, {""当期純利益（百万円）"": {""2020年3月"": null, ""2021年3月"": null, ""2022年3月"": null, ""2023年3月"": null}}, {""純資産額 （百万円）"": {""2020年3月"": null, ""2021年3月"": null, ""2022年3月"": null, ""2023年3月"": null}}, {""1株あたりの純資産額（円）"": {""2020年3月"": null, ""2021年3月"": null, ""2022年3月"": null, ""2023年3月"": null}}, {""1株あたりの純利益（円）"": {""2020年3月"": null, ""2021年3月"": null, ""2022年3月"": null, ""2023年3月"": null}}, {""自己資本比率（％）"": {""2020年3月"": null, ""2021年3月"": null, ""2022年3月"": null, ""2023年3月"": null}}, {""自己資本利益率（％）"": {""2020年3月"": null, ""2021年3月"": null, ""2022年3月"": null, ""2023年3月"": null}}]"	STG[エスティージー]（5858）、実用金属で最も軽いマグネシウムを中心とした工業製品の部品の製造加工をおこなっています。直近の業績推移を見ると、2022年3月期から業績を伸ばしていますが、2024年3月期は第3四半期時点で売上高3,729百万円、経常利益109百万円と伸び悩んでいるように見えます。	https://www.stgroup.jp/
	トライアルホールディングス	141A										https://www.ipokiso.com/company/2024/trial-holdings.html	https://disclosure2dl.edinet-fsa.go.jp/searchdocument/pdf/S100SWB3.pdf	https://irbank.net/141A/ir	小売、物流、金融・決済、リテールテックなど、各事業を中心とした企業グループの企画・管理・運営	1842.8	2015年9月（9年目）	3月21日(木)	東証グロース	"[{""株主名"": ""（株）ティー・エイチ・シー"", ""比率"": 66.52, ""ロックアップ"": ""180日間"", ""isCEO"": false}, {""株主名"": ""（株）Heroic investment"", ""比率"": 9.45, ""ロックアップ"": ""180日間"", ""isCEO"": false}, {""株主名"": ""永田 久男"", ""比率"": 1.98, ""ロックアップ"": ""180日間"", ""isCEO"": false}, {""株主名"": ""（株）PALTAC"", ""比率"": 1.21, ""ロックアップ"": ""180日間"", ""isCEO"": false}, {""株主名"": ""サントリー（株）"", ""比率"": 1.01, ""ロックアップ"": ""180日間"", ""isCEO"": false}, {""株主名"": ""三井食品（株）"", ""比率"": 1.01, ""ロックアップ"": ""180日間"", ""isCEO"": false}, {""株主名"": ""ヤマエ久野（株）"", ""比率"": 1.01, ""ロックアップ"": ""180日間"", ""isCEO"": false}, {""株主名"": ""加藤産業（株）"", ""比率"": 0.6, ""ロックアップ"": ""180日間"", ""isCEO"": false}, {""株主名"": ""北尾 吉孝"", ""比率"": 0.4, ""ロックアップ"": """", ""isCEO"": false}, {""株主名"": ""SBIVenturesTwo（株）"", ""比率"": 0.4, ""ロックアップ"": ""180日間"", ""isCEO"": false}]"	"[{""売上高（百万円）"": {""2021年3月"": null, ""2021年6月"": null, ""2022年6月"": null, ""2023年6月"": null}}, {""経常利益（百万円）"": {""2021年3月"": null, ""2021年6月"": null, ""2022年6月"": null, ""2023年6月"": null}}, {""当期純利益（百万円）"": {""2021年3月"": null, ""2021年6月"": null, ""2022年6月"": null, ""2023年6月"": null}}, {""純資産額 （百万円）"": {""2021年3月"": null, ""2021年6月"": null, ""2022年6月"": null, ""2023年6月"": null}}, {""1株あたりの純資産額（円）"": {""2021年3月"": null, ""2021年6月"": null, ""2022年6月"": null, ""2023年6月"": null}}, {""1株あたりの純利益（円）"": {""2021年3月"": null, ""2021年6月"": null, ""2022年6月"": null, ""2023年6月"": null}}, {""自己資本比率（％）"": {""2021年3月"": null, ""2021年6月"": null, ""2022年6月"": null, ""2023年6月"": null}}, {""自己資本利益率（％）"": {""2021年3月"": null, ""2021年6月"": null, ""2022年6月"": null, ""2023年6月"": null}}]"	トライアルホールディングス（141A）、全国にスーパーセンターを中心とした大型スーパーを出店しており、セルフレジ機能付きのショッピングカートなどの効率化にも力を入れています。2023年12月末時点で、全国に311店舗を展開しており、うち九州で120店舗を展開しています。2024年6月期の会社発表による業績予想によると、売上高711,067百万円、経常利益19,045百万円となる見込みで、引き続き業績が拡大しています。	https://trial-holdings.inc
	Cocolive	137A										https://www.ipokiso.com/company/2024/cocolive.html	https://disclosure2dl.edinet-fsa.go.jp/searchdocument/pdf/S100SO2Z.pdf	https://irbank.net/137A/ir	不動産業界向けマーケティングオートメーションツール『KASIKA』の開発、顧客への提供その他関連する業務	52.0	2017年1月（7年目）	2月28日(水)	東証グロース	"[{""株主名"": ""山本 考伸（社長）"", ""比率"": 49.15, ""ロックアップ"": ""180日間"", ""isCEO"": true}, {""株主名"": ""富田 祐司"", ""比率"": 12.44, ""ロックアップ"": ""180日間"", ""isCEO"": false}, {""株主名"": ""XTech1号投資事業有限責任組合"", ""比率"": 9.46, ""ロックアップ"": ""90日間1.5倍"", ""isCEO"": false}, {""株主名"": ""（株）エアトリ"", ""比率"": 7.19, ""ロックアップ"": ""90日間1.5倍"", ""isCEO"": false}, {""株主名"": ""みずほ成長支援第2号投資事業有限責任組合"", ""比率"": 4.05, ""ロックアップ"": ""90日間1.5倍"", ""isCEO"": false}, {""株主名"": ""内野 博仁"", ""比率"": 2.62, ""ロックアップ"": ""180日間"", ""isCEO"": false}, {""株主名"": ""手塚 恭庸"", ""比率"": 2.25, ""ロックアップ"": ""180日間"", ""isCEO"": false}, {""株主名"": ""NGO VAN NGHI"", ""比率"": 1.95, ""ロックアップ"": ""180日間"", ""isCEO"": false}, {""株主名"": ""杉本 悠樹"", ""比率"": 1.34, ""ロックアップ"": ""180日間"", ""isCEO"": false}, {""株主名"": ""戸塚 裕二"", ""比率"": 1.34, ""ロックアップ"": ""180日間"", ""isCEO"": false}]"	"[{""売上高（百万円）"": {""2020年5月"": null, ""2021年5月"": null, ""2022年5月"": null, ""2023年5月"": null}}, {""経常利益（百万円）"": {""2020年5月"": null, ""2021年5月"": null, ""2022年5月"": null, ""2023年5月"": null}}, {""当期純利益（百万円）"": {""2020年5月"": null, ""2021年5月"": null, ""2022年5月"": null, ""2023年5月"": null}}, {""純資産額（百万円）"": {""2020年5月"": null, ""2021年5月"": null, ""2022年5月"": null, ""2023年5月"": null}}, {""1株あたりの純資産額（円）"": {""2020年5月"": null, ""2021年5月"": null, ""2022年5月"": null, ""2023年5月"": null}}, {""1株あたりの純利益（円）"": {""2020年5月"": null, ""2021年5月"": null, ""2022年5月"": null, ""2023年5月"": null}}, {""自己資本比率（％）"": {""2020年5月"": null, ""2021年5月"": null, ""2022年5月"": null, ""2023年5月"": null}}, {""自己資本利益率（％）"": {""2020年5月"": null, ""2021年5月"": null, ""2022年5月"": null, ""2023年5月"": null}}]"	Cocolive[ココリブ]（137A）、不動産会社にマーケティング活動を自動化するITツール「KASIKA」(カシカ)を提供しています。直近の業績推移を見ると、売り上げが右肩上がりで伸びており、今後の成長性も感じられます。	https://cocolive.co.jp/
	光フードサービス	138A										https://www.ipokiso.com/company/2024/hikari-food-service.html	https://disclosure2dl.edinet-fsa.go.jp/searchdocument/pdf/S100SOAI.pdf	https://irbank.net/138A/ir	立呑み居酒屋を中心とした飲食店の展開	19.8	2009年12月（15年目）	2月28日(水)	東証グロース、名証ネクスト	"[{""株主名"": ""（株）エム・カンパニー"", ""比率"": 62.5, ""ロックアップ"": ""180日間"", ""isCEO"": false}, {""株主名"": ""大谷 光徳（社長）"", ""比率"": 26.79, ""ロックアップ"": ""180日間"", ""isCEO"": true}, {""株主名"": ""中島 翔太"", ""比率"": 8.93, ""ロックアップ"": ""180日間"", ""isCEO"": false}]"	"[{""売上高（百万円）"": {""2019年11月"": null, ""2020年11月"": null, ""2021年11月"": null, ""2022年11月"": null}}, {""経常利益（百万円）"": {""2019年11月"": null, ""2020年11月"": null, ""2021年11月"": null, ""2022年11月"": null}}, {""当期純利益（百万円）"": {""2019年11月"": null, ""2020年11月"": null, ""2021年11月"": null, ""2022年11月"": null}}, {""純資産額（百万円）"": {""2019年11月"": null, ""2020年11月"": null, ""2021年11月"": null, ""2022年11月"": null}}, {""1株あたりの純資産額（円）"": {""2019年11月"": null, ""2020年11月"": null, ""2021年11月"": null, ""2022年11月"": null}}, {""1株あたりの純利益（円）"": {""2019年11月"": null, ""2020年11月"": null, ""2021年11月"": null, ""2022年11月"": null}}, {""自己資本比率（％）"": {""2019年11月"": null, ""2020年11月"": null, ""2021年11月"": null, ""2022年11月"": null}}, {""自己資本利益率（％）"": {""2019年11月"": null, ""2020年11月"": null, ""2021年11月"": null, ""2022年11月"": null}}]"	光フードサービス（138A）、名古屋を中心に10坪ほどの小スペースを活用した低単価の立吞みスタイルで、「大黒」、「魚椿」、「金山家」、「焼肉デラックス」など54店舗を運営しています。直近の業績を見ると、2022年11月期に売上が急激に伸びており、2023年11月期も引き続き売上が伸びそうです。	https://www.hikari-food-service.jp/
	VRAIN Solution	135A										https://www.ipokiso.com/company/2024/vrain.html	https://disclosure2dl.edinet-fsa.go.jp/searchdocument/pdf/S100SMWM.pdf	https://irbank.net/135A/ir	製造業向けAIソリューションの提供	279.0	2020年3月（4年目）	2月22日(木)	東証グロース	"[{""株主名"": ""合同会社Y&N"", ""比率"": 39.22, ""ロックアップ"": ""180日間"", ""isCEO"": false}, {""株主名"": ""南塲 勇佑（社長）"", ""比率"": 36.58, ""ロックアップ"": ""180日間"", ""isCEO"": true}, {""株主名"": ""ジャフコSV6投資事業有限責任組合"", ""比率"": 10.98, ""ロックアップ"": ""90日間1.5倍"", ""isCEO"": false}, {""株主名"": ""テクノロジーベンチャーズ5号投資事業有限責任組合"", ""比率"": 2.94, ""ロックアップ"": ""90日間1.5倍"", ""isCEO"": false}, {""株主名"": ""東京センチュリー（株）"", ""比率"": 2.94, ""ロックアップ"": ""90日間1.5倍"", ""isCEO"": false}, {""株主名"": ""ジャフコSV6-S投資事業有限責任組合"", ""比率"": 2.73, ""ロックアップ"": ""90日間1.5倍"", ""isCEO"": false}, {""株主名"": ""荻本 成基"", ""比率"": 0.98, ""ロックアップ"": ""180日間"", ""isCEO"": false}, {""株主名"": ""菊地 佳宏"", ""比率"": 0.98, ""ロックアップ"": ""180日間"", ""isCEO"": false}, {""株主名"": ""山田 郁生"", ""比率"": 0.98, ""ロックアップ"": ""180日間"", ""isCEO"": false}, {""株主名"": ""石原 慎也"", ""比率"": 0.98, ""ロックアップ"": ""継続保有"", ""isCEO"": false}]"	"[{""売上高（百万円）"": {""2021年2月"": null, ""2022年2月"": null, ""2023年2月"": null, ""2024年2月（第3四半期）"": null}}, {""経常利益（百万円）"": {""2021年2月"": null, ""2022年2月"": null, ""2023年2月"": null, ""2024年2月（第3四半期）"": null}}, {""当期純利益（百万円）"": {""2021年2月"": null, ""2022年2月"": null, ""2023年2月"": null, ""2024年2月（第3四半期）"": null}}, {""純資産額（百万円）"": {""2021年2月"": null, ""2022年2月"": null, ""2023年2月"": null, ""2024年2月（第3四半期）"": null}}, {""1株あたりの純資産額（円）"": {""2021年2月"": null, ""2022年2月"": null, ""2023年2月"": null, ""2024年2月（第3四半期）"": null}}, {""1株あたりの純利益（円）"": {""2021年2月"": null, ""2022年2月"": null, ""2023年2月"": null, ""2024年2月（第3四半期）"": null}}, {""自己資本比率（％）"": {""2021年2月"": null, ""2022年2月"": null, ""2023年2月"": null, ""2024年2月（第3四半期）"": null}}, {""自己資本利益率（％）"": {""2021年2月"": null, ""2022年2月"": null, ""2023年2月"": null, ""2024年2月（第3四半期）"": null}}]"	VRAIN Solution[ヴレイン ソリューション]（135A）、製造業の課題を自社開発のAI製品で解決するサービス、データやデジタル技術による業務の効率化支援サービス（DXコンサルティング）を提供しています。直近の業績推移を見ると、売上が急激な右肩上がりで伸びており、今後の成長性が十分に感じられます。	https://vrain.co.jp
	Veritas In Silico	130A										https://www.ipokiso.com/company/2024/veritasinsilico.html	https://disclosure2dl.edinet-fsa.go.jp/searchdocument/pdf/S100SKOP.pdf	https://irbank.net/130A/ir	mRNAを標的とする低分子創薬および核酸創薬のプラットフォーム事業	70.6	2016年11月（8年目）	2月8日(木)	東証グロース	"[{""株主名"": ""中村 慎吾（社長）"", ""比率"": 23.33, ""ロックアップ"": ""180日間"", ""isCEO"": true}, {""株主名"": ""三菱瓦斯化学（株）"", ""比率"": 11.96, ""ロックアップ"": ""180日間"", ""isCEO"": false}, {""株主名"": ""New Life Science 1号投資事業有限責任組合"", ""比率"": 9.1, ""ロックアップ"": ""90日間"", ""isCEO"": false}, {""株主名"": ""三菱UFJライフサイエンス1号投資事業有限責任組合"", ""比率"": 8.39, ""ロックアップ"": ""90日間"", ""isCEO"": false}, {""株主名"": ""上村 孝"", ""比率"": 8.15, ""ロックアップ"": ""180日間"", ""isCEO"": false}, {""株主名"": ""IEファスト&エクセレント投資事業有限責任組合"", ""比率"": 5.63, ""ロックアップ"": ""90日間"", ""isCEO"": false}, {""株主名"": ""梨本 正之"", ""比率"": 4.88, ""ロックアップ"": ""180日間"", ""isCEO"": false}, {""株主名"": ""名古屋大学・東海地区大学広域ベンチャー1号投資事業有限責任組合"", ""比率"": 4.68, ""ロックアップ"": ""90日間"", ""isCEO"": false}, {""株主名"": ""エムスリー（株）"", ""比率"": 3.93, ""ロックアップ"": ""90日間"", ""isCEO"": false}, {""株主名"": ""松岡 弘之"", ""比率"": 3.4, ""ロックアップ"": ""180日間"", ""isCEO"": false}]"	"[{""事業収益（百万円）"": {""2019年12月"": null, ""2020年12月"": null, ""2021年12月"": null, ""2022年12月"": null}}, {""経常利益（百万円）"": {""2019年12月"": null, ""2020年12月"": null, ""2021年12月"": null, ""2022年12月"": null}}, {""当期純利益（百万円）"": {""2019年12月"": null, ""2020年12月"": null, ""2021年12月"": null, ""2022年12月"": null}}, {""純資産額（百万円）"": {""2019年12月"": null, ""2020年12月"": null, ""2021年12月"": null, ""2022年12月"": null}}, {""1株あたりの純資産額（円）"": {""2019年12月"": null, ""2020年12月"": null, ""2021年12月"": null, ""2022年12月"": null}}, {""1株あたりの純利益（円）"": {""2019年12月"": null, ""2020年12月"": null, ""2021年12月"": null, ""2022年12月"": null}}, {""自己資本比率（％）"": {""2019年12月"": null, ""2020年12月"": null, ""2021年12月"": null, ""2022年12月"": null}}, {""自己資本利益率（％）"": {""2019年12月"": null, ""2020年12月"": null, ""2021年12月"": null, ""2022年12月"": null}}]"	Veritas In Silico[ウェリタス イン シリコ]（130A）、複数の製薬会社と契約し、共同でmRNA標的低分子※医薬品の開発をおこなっています。契約企業から、開発の進行に応じて報酬がもらえる収益モデルとなっています。直近の業績推移を見ると、2021年12月期から事業収益が大きく伸びており、2023年12月期は第3四半期時点で黒字化を達成しています。	https://www.veritasinsilico.com/
	SOLIZE	5871										https://www.ipokiso.com/company/2024/solize.html	https://disclosure2dl.edinet-fsa.go.jp/searchdocument/pdf/S100SJBT.pdf	https://irbank.net/5871/ir	エンジニアの派遣・請負による設計支援、3Dプリンターによる試作/最終製品の製作、および製品開発を革新するコンサルティング	82.8	1990年7月（34年目）	2月7日(水)	東証スタンダード	"[{""株主名"": ""SOLIZE従業員持株会"", ""比率"": 28.8, ""ロックアップ"": ""180日間"", ""isCEO"": false}, {""株主名"": ""古河 未由紀"", ""比率"": 17.3, ""ロックアップ"": ""180日間"", ""isCEO"": false}, {""株主名"": ""篠原 敬一"", ""比率"": 7.56, ""ロックアップ"": ""180日間"", ""isCEO"": false}, {""株主名"": ""東京中小企業投資育成（株）"", ""比率"": 6.51, ""ロックアップ"": ""180日間"", ""isCEO"": false}, {""株主名"": ""古河 摩耶"", ""比率"": 4.4, ""ロックアップ"": ""180日間"", ""isCEO"": false}, {""株主名"": ""古河 慶純"", ""比率"": 4.4, ""ロックアップ"": ""180日間"", ""isCEO"": false}, {""株主名"": ""古河 陽純"", ""比率"": 4.4, ""ロックアップ"": ""180日間"", ""isCEO"": false}, {""株主名"": ""古河 真季"", ""比率"": 4.4, ""ロックアップ"": ""180日間"", ""isCEO"": false}, {""株主名"": ""宮藤 康聡（社長）"", ""比率"": 2.34, ""ロックアップ"": ""180日間"", ""isCEO"": true}, {""株主名"": ""堤 寛朗"", ""比率"": 1.69, ""ロックアップ"": ""180日間"", ""isCEO"": false}]"	"[{""売上高（百万円）"": {""2019年12月"": null, ""2020年12月"": null, ""2021年12月"": null, ""2022年12月"": null}}, {""経常利益（百万円）"": {""2019年12月"": null, ""2020年12月"": null, ""2021年12月"": null, ""2022年12月"": null}}, {""当期純利益（百万円）"": {""2019年12月"": null, ""2020年12月"": null, ""2021年12月"": null, ""2022年12月"": null}}, {""純資産額（百万円）"": {""2019年12月"": null, ""2020年12月"": null, ""2021年12月"": null, ""2022年12月"": null}}, {""1株あたりの純資産額（円）"": {""2019年12月"": null, ""2020年12月"": null, ""2021年12月"": null, ""2022年12月"": null}}, {""1株あたりの純利益（円）"": {""2019年12月"": null, ""2020年12月"": null, ""2021年12月"": null, ""2022年12月"": null}}, {""自己資本比率（％）"": {""2019年12月"": null, ""2020年12月"": null, ""2021年12月"": null, ""2022年12月"": null}}, {""自己資本利益率（％）"": {""2019年12月"": null, ""2020年12月"": null, ""2021年12月"": null, ""2022年12月"": null}}]"	SOLIZE[ソライズ]（5871）、顧客企業の製品開発に対する技術およびコンサルティング支援をおこなう「デザイン事業」、3Dプリンターなどによる試作モデルの制作および少量多品種製品の制作、3Dプリンターの代理販売や保守サポートなどをおこなう「マニュファクチュアリング事業」を展開しています。	https://www.solize.com/
