買	企業名	コード	ビジネスモデル	テンバガー指標	ノーバガー指標	PER	何倍株か	決算	決算伸び率%	17業種	33業種	IPO情報URL	有価証券報告書	IR	事業内容	想定時価総額（億円）	会社設立	上場日	市場	株主名と比率	企業業績のデータ（5年分）	管理人からのコメント	会社URL
	ティビィシィ・	3974										https://www.ipokiso.com/company/2016/tbcscat.html		https://irbank.net/3974/ir	美容サロン向けＩＣＴ事業、中小企業向けビジネスサービス事業及び介護サービス事業			12月27日（火）	ＪＡＳＤＡＱスタンダード	"[{""株主名"": ""齋藤 靜枝"", ""比率"": 33.23, ""ロックアップ"": ""180日間"", ""isCEO"": false}, {""株主名"": ""（株）ティビィシィ・スキヤツト"", ""比率"": 29.95, ""ロックアップ"": """", ""isCEO"": false}, {""株主名"": ""キヤノンマーケティングジャパン（株）"", ""比率"": 5.15, ""ロックアップ"": ""180日間"", ""isCEO"": false}, {""株主名"": ""富国生命保険相互会社"", ""比率"": 3.74, ""ロックアップ"": ""180日間"", ""isCEO"": false}, {""株主名"": ""安田 茂幸（社長）"", ""比率"": 2.23, ""ロックアップ"": ""180日間"", ""isCEO"": true}, {""株主名"": ""東京海上日動火災保険（株）"", ""比率"": 1.98, ""ロックアップ"": ""180日間"", ""isCEO"": false}, {""株主名"": ""田中 秀幸"", ""比率"": 1.16, ""ロックアップ"": ""180日間"", ""isCEO"": false}, {""株主名"": ""齋藤 武士"", ""比率"": 0.89, ""ロックアップ"": ""180日間"", ""isCEO"": false}, {""株主名"": ""石塚 久美雄"", ""比率"": 0.73, ""ロックアップ"": ""180日間"", ""isCEO"": false}, {""株主名"": ""齋藤 悦代"", ""比率"": 0.71, ""ロックアップ"": ""180日間"", ""isCEO"": false}]"	"[{""売上高（百万円）"": {""2012年10月"": 2636.0, ""2013年10月"": 2571.0, ""2014年10月"": 3276.0, ""2015年10月"": 2925.0}}, {""経常利益（百万円）"": {""2012年10月"": 217.0, ""2013年10月"": 230.0, ""2014年10月"": 320.0, ""2015年10月"": 214.0}}, {""当期純利益（百万円）"": {""2012年10月"": 55.0, ""2013年10月"": 112.0, ""2014年10月"": 184.0, ""2015年10月"": 111.0}}, {""純資産額 （百万円）"": {""2012年10月"": 1359.0, ""2013年10月"": 1189.0, ""2014年10月"": 1421.0, ""2015年10月"": 1519.0}}, {""1株あたりの純資産額（円）"": {""2012年10月"": 2986.0, ""2013年10月"": 3731.0, ""2014年10月"": 1114.0, ""2015年10月"": 1191.0}}, {""1株あたりの純利益（円）"": {""2012年10月"": 121.0, ""2013年10月"": 318.0, ""2014年10月"": 145.0, ""2015年10月"": 87.0}}, {""自己資本比率（％）"": {""2012年10月"": 57.9, ""2013年10月"": 54.8, ""2014年10月"": 47.0, ""2015年10月"": 51.3}}, {""自己資本利益率（％）"": {""2012年10月"": 4.1, ""2013年10月"": 8.8, ""2014年10月"": 13.8, ""2015年10月"": 7.6}}]"	ティビィシィ・スキヤツト［ＴＢＣＳＣＡＴ］（3974）、美容サロン向けにクラウドサービスを提供していますが、あまりアピールしていませんので、果たして関連案件として認識されるか微妙なところです。ただ、需給的にかなりの優良案件ですので、クラウド案件として認識されなくても初値高騰の可能性が高いです。ネット証券では、SMBC日興証券（副幹事）、SBI証券、安藤証券から申し込みできますので積極的に当選をねらっていきましょう！	http://www.tbcscat.jp/
	エイトレッド	3969										https://www.ipokiso.com/company/2016/atled.html		https://irbank.net/3969/ir	稟議申請から承認に至るまでの業務効率化を図るためのワークフローパッケージ『Ｘ－ｐｏｉｎｔ』等の開発・販売、クラウドサービスの提供			12月22日（木）	東証マザーズ	"[{""株主名"": ""（株）ソフトクリエイトホールディングス"", ""比率"": 76.27, ""ロックアップ"": ""90日間\r\n1.5倍"", ""isCEO"": false}, {""株主名"": ""ＳＣＳＫ（株）"", ""比率"": 19.07, ""ロックアップ"": ""90日間\r\n1.5倍"", ""isCEO"": false}, {""株主名"": ""稲瀬 敬一（社長）"", ""比率"": 0.28, ""ロックアップ"": """", ""isCEO"": true}, {""株主名"": ""佐藤 淳"", ""比率"": 0.22, ""ロックアップ"": """", ""isCEO"": false}, {""株主名"": ""丸山 嘉伸"", ""比率"": 0.22, ""ロックアップ"": """", ""isCEO"": false}, {""株主名"": ""青木 健一"", ""比率"": 0.22, ""ロックアップ"": """", ""isCEO"": false}, {""株主名"": ""千林 正太朗"", ""比率"": 0.22, ""ロックアップ"": """", ""isCEO"": false}, {""株主名"": ""平田 圭"", ""比率"": 0.22, ""ロックアップ"": """", ""isCEO"": false}, {""株主名"": ""鈴木 大智"", ""比率"": 0.2, ""ロックアップ"": """", ""isCEO"": false}, {""株主名"": ""角川 雄一"", ""比率"": 0.2, ""ロックアップ"": """", ""isCEO"": false}]"	"[{""売上高（百万円）"": {""2013年3月"": 583.0, ""2014年3月"": 725.0, ""2015年3月"": 717.0, ""2016年3月"": 845.0}}, {""経常利益（百万円）"": {""2013年3月"": 183.0, ""2014年3月"": 205.0, ""2015年3月"": 225.0, ""2016年3月"": 272.0}}, {""当期純利益（百万円）"": {""2013年3月"": 110.0, ""2014年3月"": 129.0, ""2015年3月"": 142.0, ""2016年3月"": 175.0}}, {""純資産額 （百万円）"": {""2013年3月"": 613.0, ""2014年3月"": 683.0, ""2015年3月"": 762.0, ""2016年3月"": 856.0}}, {""1株あたりの純資産額（円）"": {""2013年3月"": 61293.0, ""2014年3月"": 68320.0, ""2015年3月"": 381.0, ""2016年3月"": 428.0}}, {""1株あたりの純利益（円）"": {""2013年3月"": 11022.0, ""2014年3月"": 12927.0, ""2015年3月"": 71.0, ""2016年3月"": 87.0}}, {""自己資本比率（％）"": {""2013年3月"": 69.0, ""2014年3月"": 66.6, ""2015年3月"": 70.9, ""2016年3月"": 67.7}}, {""自己資本利益率（％）"": {""2013年3月"": 19.8, ""2014年3月"": 19.9, ""2015年3月"": 19.6, ""2016年3月"": 21.6}}]"	エイトレッド（3969）、IPOで大人気テーマである「クラウドサービス」関連の案件で、初値高騰の可能性が非常に高いです。直近の業績も、売上、利益ともに右肩上がり傾向にあり、将来性も十分に感じられます。ネット証券では、主幹事の大和証券が1人1票制を採用しておりねらい目です。その他、SMBC日興証券も同じく1人1票制を採用しているので、こちらも忘れず申し込んでおきましょう。	https://www.atled.jp/
	フォーライフ	3477										https://www.ipokiso.com/company/2016/forlifeand.html		https://irbank.net/3477/ir	分譲住宅事業及び注文住宅事業			12月22日（木）	東証マザーズ	"[{""株主名"": ""奥本 健二（社長）"", ""比率"": 97.0, ""ロックアップ"": ""90日間\r\n1.5倍"", ""isCEO"": true}, {""株主名"": ""フォーライフ従業員持株会"", ""比率"": 1.5, ""ロックアップ"": """", ""isCEO"": false}, {""株主名"": ""中村 仁"", ""比率"": 0.5, ""ロックアップ"": ""90日間\r\n1.5倍"", ""isCEO"": false}, {""株主名"": ""高橋 効志"", ""比率"": 0.5, ""ロックアップ"": ""90日間\r\n1.5倍"", ""isCEO"": false}, {""株主名"": ""井上　広明"", ""比率"": 0.1, ""ロックアップ"": ""90日間\r\n1.5倍"", ""isCEO"": false}, {""株主名"": ""柳町　英之"", ""比率"": 0.1, ""ロックアップ"": ""90日間\r\n1.5倍"", ""isCEO"": false}, {""株主名"": ""堀　かほる"", ""比率"": 0.1, ""ロックアップ"": ""90日間\r\n1.5倍"", ""isCEO"": false}, {""株主名"": ""森金　晋一"", ""比率"": 0.1, ""ロックアップ"": ""90日間\r\n1.5倍"", ""isCEO"": false}, {""株主名"": ""佐々木　康人"", ""比率"": 0.1, ""ロックアップ"": ""90日間\r\n1.5倍"", ""isCEO"": false}]"	"[{""売上高（百万円）"": {""2013年3月"": 2997.0, ""2014年3月"": 4080.0, ""2015年3月"": 4235.0, ""2016年3月"": 5127.0}}, {""経常利益（百万円）"": {""2013年3月"": 171.0, ""2014年3月"": 411.0, ""2015年3月"": 179.0, ""2016年3月"": 346.0}}, {""当期純利益（百万円）"": {""2013年3月"": 104.0, ""2014年3月"": 255.0, ""2015年3月"": 117.0, ""2016年3月"": 245.0}}, {""純資産額 （百万円）"": {""2013年3月"": 931.0, ""2014年3月"": 1186.0, ""2015年3月"": 1303.0, ""2016年3月"": 1548.0}}, {""1株あたりの純資産額（円）"": {""2013年3月"": 930667.0, ""2014年3月"": 1185829.0, ""2015年3月"": 1448.0, ""2016年3月"": 1720.0}}, {""1株あたりの純利益（円）"": {""2013年3月"": 103661.0, ""2014年3月"": 255162.0, ""2015年3月"": 130.0, ""2016年3月"": 272.0}}, {""自己資本比率（％）"": {""2013年3月"": 42.4, ""2014年3月"": 47.8, ""2015年3月"": 47.1, ""2016年3月"": 51.5}}, {""自己資本利益率（％）"": {""2013年3月"": 11.8, ""2014年3月"": 24.1, ""2015年3月"": 9.4, ""2016年3月"": 17.2}}]"	フォーライフ（3477）、公開株数が少なく、需給的には文句なく優良案件です。しかし、最近の住宅販売関連のIPOの結果が良くありませんので、正直どうなるかわかりません。ただ、黒字安定で割安性もそれなりにありますので、公募割れするようなことはないと思います。ネット証券では、副幹事のSMBC日興証券が1人1票制を採用しているのでねらい目です。その他、カブドットコム証券、安藤証券、マネックス証券からも申し込み可能です。	https://www.forlifeand.com/
	イノベーション	3970										https://www.ipokiso.com/company/2016/innovation.html		https://irbank.net/3970/ir	法人向けインターネットマーケティング支援（成果報酬型の比較・資料請求サイトの運営及びマーケティングオートメーションツールの開発・提供）			12月21日（水）	東証マザーズ	"[{""株主名"": ""富田 直人（社長）"", ""比率"": 58.81, ""ロックアップ"": ""180日間"", ""isCEO"": true}, {""株主名"": ""（株）NTI"", ""比率"": 11.83, ""ロックアップ"": ""180日間"", ""isCEO"": false}, {""株主名"": ""（株）日経BP"", ""比率"": 8.28, ""ロックアップ"": """", ""isCEO"": false}, {""株主名"": ""岸本 真行"", ""比率"": 5.32, ""ロックアップ"": ""180日間"", ""isCEO"": false}, {""株主名"": ""（株）リンクアンドモチベーション"", ""比率"": 2.48, ""ロックアップ"": """", ""isCEO"": false}, {""株主名"": ""遠藤 俊一"", ""比率"": 2.37, ""ロックアップ"": ""180日間"", ""isCEO"": false}, {""株主名"": ""長谷川 正和"", ""比率"": 1.18, ""ロックアップ"": ""180日間"", ""isCEO"": false}, {""株主名"": ""関口 陽一"", ""比率"": 0.95, ""ロックアップ"": ""180日間"", ""isCEO"": false}, {""株主名"": ""齊藤 和馬"", ""比率"": 0.83, ""ロックアップ"": ""180日間"", ""isCEO"": false}, {""株主名"": ""宮村 佳祐"", ""比率"": 0.83, ""ロックアップ"": ""180日間"", ""isCEO"": false}]"	"[{""売上高（百万円）"": {""2013年3月"": 1372.0, ""2014年3月"": 1416.0, ""2015年3月"": 1565.0, ""2016年3月"": 1304.0}}, {""経常利益（百万円）"": {""2013年3月"": 33.0, ""2014年3月"": -15.0, ""2015年3月"": 45.0, ""2016年3月"": 5.0}}, {""当期純利益（百万円）"": {""2013年3月"": 3.0, ""2014年3月"": -16.0, ""2015年3月"": 6.0, ""2016年3月"": 13.0}}, {""純資産額 （百万円）"": {""2013年3月"": 93.0, ""2014年3月"": 79.0, ""2015年3月"": 86.0, ""2016年3月"": 229.0}}, {""1株あたりの純資産額（円）"": {""2013年3月"": 158890.0, ""2014年3月"": 131277.0, ""2015年3月"": 141.0, ""2016年3月"": 328.0}}, {""1株あたりの純利益（円）"": {""2013年3月"": 4812.0, ""2014年3月"": -27566.0, ""2015年3月"": 10.0, ""2016年3月"": 20.0}}, {""自己資本比率（％）"": {""2013年3月"": 23.0, ""2014年3月"": 19.2, ""2015年3月"": 18.5, ""2016年3月"": 37.3}}, {""自己資本利益率（％）"": {""2013年3月"": 3.1, ""2014年3月"": null, ""2015年3月"": 7.4, ""2016年3月"": 8.4}}]"	イノベーション（3970）、公開株数が非常に少なく、主要な大株主に期間でロックアップがかかっているため、需給的に初値が高騰しやすくなっています。業績は、2016年3月期に利益を大きく伸ばしているようですが、売上が頭打ち気味ですので、将来性に少し不安があります。ただ、過去の統計データを見る限り、非常に初値が高騰しやすい案件と言えます。	https://www.innovation.co.jp/
	グレイステクノロジー	6541										https://www.ipokiso.com/company/2016/g-race.html		https://irbank.net/6541/ir	産業機械を中心とした各種マニュアルの作成・管理・運用をおこなう基幹システム『ｅ-ｍａｎｕａｌ』の提供、クラウドサービス運営およびマニュアルの企画・制作・翻訳			12月21日（水）	東証マザーズ	"[{""株主名"": ""松村 幸治（社長）"", ""比率"": 33.27, ""ロックアップ"": ""180日間"", ""isCEO"": true}, {""株主名"": ""ＮＭＣ（株）"", ""比率"": 18.32, ""ロックアップ"": ""180日間"", ""isCEO"": false}, {""株主名"": ""ＳＢＩインキュベーション（株）"", ""比率"": 15.71, ""ロックアップ"": ""90日間\r\n1.5倍"", ""isCEO"": false}, {""株主名"": ""グレイステクノロジー（株）"", ""比率"": 13.5, ""ロックアップ"": """", ""isCEO"": false}, {""株主名"": ""村田 斉"", ""比率"": 5.92, ""ロックアップ"": ""180日間"", ""isCEO"": false}, {""株主名"": ""ＳＢＩベンチャー企業成長支援３号投資事業有限責任組合"", ""比率"": 2.33, ""ロックアップ"": ""90日間\r\n1.5倍"", ""isCEO"": false}, {""株主名"": ""ＳＢＩベンチャー企業成長支援４号投資事業有限責任組合"", ""比率"": 1.68, ""ロックアップ"": ""90日間\r\n1.5倍"", ""isCEO"": false}, {""株主名"": ""ＳＢＩアドバンスト・テクノロジー１号投資事業有限責任組合"", ""比率"": 1.28, ""ロックアップ"": ""90日間\r\n1.5倍"", ""isCEO"": false}, {""株主名"": ""ＳＢＩベンチャー企業成長支援２号投資事業有限責任組合"", ""比率"": 1.2, ""ロックアップ"": ""90日間\r\n1.5倍"", ""isCEO"": false}, {""株主名"": ""ＳＢＩベンチャー企業成長支援投資事業有限責任組合"", ""比率"": 0.84, ""ロックアップ"": ""90日間\r\n1.5倍"", ""isCEO"": false}]"	"[{""売上高（百万円）"": {""2013年3月"": 672.0, ""2014年3月"": 580.0, ""2015年3月"": 620.0, ""2016年3月"": 726.0}}, {""経常利益（百万円）"": {""2013年3月"": 31.0, ""2014年3月"": 66.0, ""2015年3月"": 100.0, ""2016年3月"": 132.0}}, {""当期純利益（百万円）"": {""2013年3月"": 31.0, ""2014年3月"": 111.0, ""2015年3月"": 109.0, ""2016年3月"": 114.0}}, {""純資産額 （百万円）"": {""2013年3月"": 58.0, ""2014年3月"": 148.0, ""2015年3月"": 214.0, ""2016年3月"": 127.0}}, {""1株あたりの純資産額（円）"": {""2013年3月"": -174203.0, ""2014年3月"": -129828.0, ""2015年3月"": -327.0, ""2016年3月"": 140.0}}, {""1株あたりの純利益（円）"": {""2013年3月"": 4823.62, ""2014年3月"": 44375.56, ""2015年3月"": 141.17, ""2016年3月"": 161.97}}, {""自己資本比率（％）"": {""2013年3月"": 19.6, ""2014年3月"": 42.3, ""2015年3月"": 48.9, ""2016年3月"": 25.7}}, {""自己資本利益率（％）"": {""2013年3月"": 59.8, ""2014年3月"": 108.1, ""2015年3月"": 60.3, ""2016年3月"": 67.2}}]"	グレイステクノロジー（6541）、人気のクラウド関連で、公開株数も少なく、需給的に初値が高騰しやすくなっています。加えて、業績も右肩上がりで推移しており、将来性も十分に感じられます。大株主にベンチャーキャピタルがいますが、ロックアップ解除後に急いで売られるような案件ではないと思います。ネット証券では、東海東京証券（主幹事）、SBI証券（副幹事）、むさし証券、安藤証券から申し込みが可能ですので、積極的に当選をねらっていきましょう！	https://www.g-race.com/
	セグエグループ	3968										https://www.ipokiso.com/company/2016/segue-g.html		https://irbank.net/3968/ir	ＩＴシステムにおけるＩＴインフラ及びネットワークセキュリティ製品に係る設計、販売、構築、運用、保守サービス			12月21日（水）	ＪＡＳＤＡＱスタンダード	"[{""株主名"": ""愛須 康之（社長）"", ""比率"": 37.76, ""ロックアップ"": ""90日間\r\n1.5倍"", ""isCEO"": true}, {""株主名"": ""日商エレクトロニクス（株）"", ""比率"": 21.54, ""ロックアップ"": ""90日間\r\n1.5倍"", ""isCEO"": false}, {""株主名"": ""（有）エーディーシー"", ""比率"": 10.46, ""ロックアップ"": ""90日間\r\n1.5倍"", ""isCEO"": false}, {""株主名"": ""セグエグル－プ従業員持株会"", ""比率"": 4.16, ""ロックアップ"": """", ""isCEO"": false}, {""株主名"": ""田中 健一郎"", ""比率"": 3.02, ""ロックアップ"": ""90日間\r\n1.5倍"", ""isCEO"": false}, {""株主名"": ""（株）オービック"", ""比率"": 1.9, ""ロックアップ"": """", ""isCEO"": false}, {""株主名"": ""佐伯 知輝"", ""比率"": 1.39, ""ロックアップ"": """", ""isCEO"": false}, {""株主名"": ""山田 巻治"", ""比率"": 1.26, ""ロックアップ"": """", ""isCEO"": false}, {""株主名"": ""サイバーソリューションズ（株）"", ""比率"": 1.19, ""ロックアップ"": """", ""isCEO"": false}, {""株主名"": ""福田 泰福"", ""比率"": 1.05, ""ロックアップ"": ""90日間\r\n1.5倍"", ""isCEO"": false}]"	"[{""売上高（百万円）"": {""2013年12月"": null, ""2014年12月"": 5864.0, ""2015年12月"": 6173.0, ""2016年12月（第3四半期）"": 5009.0}}, {""経常利益（百万円）"": {""2013年12月"": null, ""2014年12月"": 149.0, ""2015年12月"": 143.0, ""2016年12月（第3四半期）"": 142.0}}, {""当期純利益（百万円）"": {""2013年12月"": null, ""2014年12月"": 51.0, ""2015年12月"": 99.0, ""2016年12月（第3四半期）"": 95.0}}, {""純資産額 （百万円）"": {""2013年12月"": null, ""2014年12月"": 978.0, ""2015年12月"": 1075.0, ""2016年12月（第3四半期）"": 1054.0}}, {""1株あたりの純資産額（円）"": {""2013年12月"": null, ""2014年12月"": 864.0, ""2015年12月"": 921.0, ""2016年12月（第3四半期）"": null}}, {""1株あたりの純利益（円）"": {""2013年12月"": null, ""2014年12月"": 45.0, ""2015年12月"": 87.0, ""2016年12月（第3四半期）"": 81.62}}, {""自己資本比率（％）"": {""2013年12月"": null, ""2014年12月"": 30.5, ""2015年12月"": 32.5, ""2016年12月（第3四半期）"": 31.6}}, {""自己資本利益率（％）"": {""2013年12月"": null, ""2014年12月"": 5.3, ""2015年12月"": 9.6, ""2016年12月（第3四半期）"": null}}]"	セグエグループ（3968）、小型のネットセキュリティ関連で人気化する可能性が高いです。過去の関連案件には、公募価格比+100％超のものが多く、今回も同様の結果が期待できます。ただ、業績の伸びがイマイチなので、少し足を引っぱるかもしれません。ネット証券では、SBI証券（副幹事）、SMBC日興証券、マネックス証券、岩井コスモ証券、安藤証券から申し込みができますので、積極的に当選をねらっていきましょう！	http://segue-g.jp/
	リネットジャパン	3556										https://www.ipokiso.com/company/2016/renet.html		https://irbank.net/3556/ir	webサイト『NET OFF』を利用したネットリユース事業と、webサイト『ReNet』を利用したネットリサイクル事業			12月20日（火）	東証マザーズ	"[{""株主名"": ""黒田　武志（社長）"", ""比率"": 52.69, ""ロックアップ"": ""90日間"", ""isCEO"": true}, {""株主名"": ""（株）TKコーポレーション"", ""比率"": 5.43, ""ロックアップ"": ""90日間"", ""isCEO"": false}, {""株主名"": ""MICイノベーション3号投資事業有限責任組合"", ""比率"": 5.21, ""ロックアップ"": ""90日間\r\n1.5倍"", ""isCEO"": false}, {""株主名"": ""坂本 孝"", ""比率"": 2.74, ""ロックアップ"": """", ""isCEO"": false}, {""株主名"": ""豊田通商株式会社"", ""比率"": 2.43, ""ロックアップ"": ""90日間\r\n1.5倍"", ""isCEO"": false}, {""株主名"": ""SBIベンチャー企業成長支援3号投資事業有限責任組合"", ""比率"": 2.26, ""ロックアップ"": ""90日間\r\n1.5倍"", ""isCEO"": false}, {""株主名"": ""リネットジャパングループ（株）"", ""比率"": 2.14, ""ロックアップ"": """", ""isCEO"": false}, {""株主名"": ""バリューアップ投資事業有限責任組合"", ""比率"": 1.71, ""ロックアップ"": ""90日間\r\n1.5倍"", ""isCEO"": false}, {""株主名"": ""株式会社ハードオフコーポレーション"", ""比率"": 1.65, ""ロックアップ"": ""90日間\r\n1.5倍"", ""isCEO"": false}, {""株主名"": ""NVCC7号投資事業有限責任組合"", ""比率"": 1.65, ""ロックアップ"": ""90日間\r\n1.5倍"", ""isCEO"": false}]"	"[{""売上高（百万円）"": {""2012年9月"": 3795.0, ""2013年9月"": 3041.0, ""2014年9月"": 3040.0, ""2015年9月"": 3226.0}}, {""経常利益（百万円）"": {""2012年9月"": -230.0, ""2013年9月"": 34.0, ""2014年9月"": 100.0, ""2015年9月"": 107.0}}, {""当期純利益（百万円）"": {""2012年9月"": -247.0, ""2013年9月"": 10.0, ""2014年9月"": 96.0, ""2015年9月"": 96.0}}, {""純資産額 （百万円）"": {""2012年9月"": 12.0, ""2013年9月"": 22.0, ""2014年9月"": 124.0, ""2015年9月"": 308.0}}, {""1株あたりの純資産額（円）"": {""2012年9月"": 1167.0, ""2013年9月"": 22.0, ""2014年9月"": 86.0, ""2015年9月"": 192.0}}, {""1株あたりの純利益（円）"": {""2012年9月"": -24624.0, ""2013年9月"": 10.0, ""2014年9月"": 96.0, ""2015年9月"": 65.0}}, {""自己資本比率（％）"": {""2012年9月"": 0.9, ""2013年9月"": 2.1, ""2014年9月"": 12.7, ""2015年9月"": 27.8}}, {""自己資本利益率（％）"": {""2012年9月"": null, ""2013年9月"": 61.9, ""2014年9月"": 131.0, ""2015年9月"": 44.3}}]"	リネットジャパングループ（3556）、業績の伸びはイマイチですが、過去のネットリユース案件が人気化していることから、今回も人気化すると思われます。公開株数がかなり少なく、需給的に初値も高騰しやすくなっていますので、積極的に当選をねらっていきましょう。ネット証券では、主幹事のSBI証券が最大のねらいめです。その他、東海東京証券、SMBC日興証券、岩井コスモ証券、安藤証券から申し込みが可能となっています。	http://corp.renet.jp/
	船場	6540										https://www.ipokiso.com/company/2016/semba.html		https://irbank.net/6540/ir	商業施設の企画、設計、監理、施工			12月19日（月）	東証2部	"[{""株主名"": ""（株）リヤ興産"", ""比率"": 46.81, ""ロックアップ"": ""90日間"", ""isCEO"": false}, {""株主名"": ""栗山 浩一（社長）"", ""比率"": 10.88, ""ロックアップ"": ""90日間"", ""isCEO"": true}, {""株主名"": ""（株）船場"", ""比率"": 8.26, ""ロックアップ"": """", ""isCEO"": false}, {""株主名"": ""船場従業員持株会"", ""比率"": 8.1, ""ロックアップ"": ""180日間"", ""isCEO"": false}, {""株主名"": ""栗山 嘉子"", ""比率"": 5.3, ""ロックアップ"": ""90日間"", ""isCEO"": false}, {""株主名"": ""栗山   茂"", ""比率"": 4.1, ""ロックアップ"": ""90日間"", ""isCEO"": false}, {""株主名"": ""廣澤 敦子"", ""比率"": 2.29, ""ロックアップ"": ""90日間"", ""isCEO"": false}, {""株主名"": ""中村 哲也"", ""比率"": 0.12, ""ロックアップ"": """", ""isCEO"": false}, {""株主名"": ""立花 尚登"", ""比率"": 0.12, ""ロックアップ"": """", ""isCEO"": false}, {""株主名"": ""伊藤 進悟"", ""比率"": 0.12, ""ロックアップ"": ""90日間"", ""isCEO"": false}]"	"[{""売上高（百万円）"": {""2012年12月"": 19587.0, ""2013年12月"": 20100.0, ""2014年12月"": 24596.0, ""2015年12月"": 30732.0}}, {""経常利益（百万円）"": {""2012年12月"": 892.0, ""2013年12月"": 864.0, ""2014年12月"": 1057.0, ""2015年12月"": 2063.0}}, {""当期純利益（百万円）"": {""2012年12月"": 786.0, ""2013年12月"": -2318.0, ""2014年12月"": 543.0, ""2015年12月"": 1573.0}}, {""純資産額 （百万円）"": {""2012年12月"": 5902.0, ""2013年12月"": 3680.0, ""2014年12月"": 4686.0, ""2015年12月"": 6298.0}}, {""1株あたりの純資産額（円）"": {""2012年12月"": 39827.0, ""2013年12月"": 23098.0, ""2014年12月"": 549.0, ""2015年12月"": 721.0}}, {""1株あたりの純利益（円）"": {""2012年12月"": 5307.0, ""2013年12月"": -15628.0, ""2014年12月"": 68.0, ""2015年12月"": 184.0}}, {""自己資本比率（％）"": {""2012年12月"": 42.2, ""2013年12月"": 35.7, ""2014年12月"": 32.4, ""2015年12月"": 37.4}}, {""自己資本利益率（％）"": {""2012年12月"": 14.2, ""2013年12月"": null, ""2014年12月"": 12.0, ""2015年12月"": 28.6}}]"	船場（6540）、とりあえず上場するタイミングが悪いですね。ここ数年、上場が噂されては市場が盛り上がりを見せていたＺＭＰ[ゼットエムピー］が同日に上場するため、資金が集まりにくくなっています。さらに、「公開株数が2万株以上」、「東証2部上場」という初値が上がりにくい要素を2つもあわせ持っています。とりあえず、仮条件が想定価格を上回る価格帯で発表されない限り、スルーしてよいと思います。ネット証券では、安藤証券、松井証券から申し込みができます。	http://www.semba1008.co.jp/
	ＺＭＰ	7316										https://www.ipokiso.com/company/2015/zmp.html		https://irbank.net/7316/ir				12月19日（月）	東証マザーズ	"[{""株主名"": ""谷口 恒（社長）"", ""比率"": 22.56, ""ロックアップ"": ""180日間"", ""isCEO"": true}, {""株主名"": ""Intel Capital Corporation"", ""比率"": 14.75, ""ロックアップ"": ""90日間\r\n2倍"", ""isCEO"": false}, {""株主名"": ""先端技術産業創造投資事業有限責任組合"", ""比率"": 12.91, ""ロックアップ"": ""90日間\r\n2倍"", ""isCEO"": false}, {""株主名"": ""FVCグロース二号投資事業有限責任組合"", ""比率"": 5.53, ""ロックアップ"": ""90日間\r\n2倍"", ""isCEO"": false}, {""株主名"": ""ジャフコＶ1-Ｂ号投資事業有限責任組合"", ""比率"": 5.0, ""ロックアップ"": ""90日間\r\n2.3倍"", ""isCEO"": false}, {""株主名"": ""株式会社ＪＶＣケンウッド"", ""比率"": 4.61, ""ロックアップ"": ""180日間"", ""isCEO"": false}, {""株主名"": ""日本再興成長戦略第１号投資事業有限責任組合"", ""比率"": 4.01, ""ロックアップ"": ""90日間\r\n1.5倍"", ""isCEO"": false}, {""株主名"": ""富士エレクトロニクス（株）"", ""比率"": 3.69, ""ロックアップ"": ""180日間"", ""isCEO"": false}, {""株主名"": ""（株）小松製作所"", ""比率"": 3.07, ""ロックアップ"": """", ""isCEO"": false}, {""株主名"": ""ジャフコＶ1-Ａ号投資事業有限責任組合"", ""比率"": 3.0, ""ロックアップ"": ""90日間\r\n2.3倍"", ""isCEO"": false}]"	"[{""売上高（百万円）"": {""2012年12月"": 231.0, ""2013年12月"": 423.0, ""2014年12月"": 639.0, ""2015年12月"": 710.0}}, {""経常利益（百万円）"": {""2012年12月"": 38.0, ""2013年12月"": 117.0, ""2014年12月"": 92.0, ""2015年12月"": -58.0}}, {""当期純利益（百万円）"": {""2012年12月"": 37.0, ""2013年12月"": 105.0, ""2014年12月"": 83.0, ""2015年12月"": -60.0}}, {""純資産額 （百万円）"": {""2012年12月"": 65.0, ""2013年12月"": 476.0, ""2014年12月"": 969.0, ""2015年12月"": 1227.0}}, {""1株あたりの純資産額（円）"": {""2012年12月"": -481495.0, ""2013年12月"": -111529.0, ""2014年12月"": -47.0, ""2015年12月"": 32.0}}, {""1株あたりの純利益（円）"": {""2012年12月"": 18341.0, ""2013年12月"": 49808.0, ""2014年12月"": 8.0, ""2015年12月"": -4.0}}, {""自己資本比率（％）"": {""2012年12月"": 40.0, ""2013年12月"": 76.5, ""2014年12月"": 90.3, ""2015年12月"": 93.0}}, {""自己資本利益率（％）"": {""2012年12月"": 78.0, ""2013年12月"": 38.9, ""2014年12月"": 11.6, ""2015年12月"": null}}]"	ＺＭＰ［ゼットエムピー］（7316）、自動運転分野のベンチャー企業として、初の上場ということで、注目度はピカイチです。業績はイマイチですが、同様のサイバーダイン（7779）も将来性だけで爆上げしており、ＺＭＰにも同様の結果が期待できます。	http://www.zmp.co.jp/
	日本モーゲージ	7192										https://www.ipokiso.com/company/2016/m-s-j.html		https://irbank.net/7192/ir	住宅関連企業を対象に、住宅金融、住宅瑕疵保険、システム開発・クラウドプラットフォーム、事業生産性コンサルティング等の住宅事業総合ソリューションサービスの提供			12月19日（月）	JASDAQスタンダード	"[{""株主名"": ""（株）ビルダーズシステム研究所"", ""比率"": 22.73, ""ロックアップ"": ""90日間\r\n1.5倍"", ""isCEO"": false}, {""株主名"": ""ティー・ハンズオン１号投資事業有限責任組合\r\n無限責任組合員 ティー・ハンズオンインベストメント（株）"", ""比率"": 13.83, ""ロックアップ"": ""90日間\r\n1.5倍"", ""isCEO"": false}, {""株主名"": ""（株）日本レジデンシャルファンド"", ""比率"": 7.91, ""ロックアップ"": ""90日間\r\n1.5倍"", ""isCEO"": false}, {""株主名"": ""三井住友海上火災保険（株）"", ""比率"": 6.13, ""ロックアップ"": ""90日間\r\n1.5倍"", ""isCEO"": false}, {""株主名"": ""（株）メープルリーフ"", ""比率"": 5.93, ""ロックアップ"": ""90日間\r\n1.5倍"", ""isCEO"": false}, {""株主名"": ""（株）アールシーコア"", ""比率"": 3.95, ""ロックアップ"": ""90日間\r\n1.5倍"", ""isCEO"": false}, {""株主名"": ""ＯＭソーラー（株）"", ""比率"": 3.95, ""ロックアップ"": ""90日間\r\n1.5倍"", ""isCEO"": false}, {""株主名"": ""（株）ＯＳＣＡＲ"", ""比率"": 3.95, ""ロックアップ"": ""90日間\r\n1.5倍"", ""isCEO"": false}, {""株主名"": ""あいおいニッセイ同和損害保険（株）"", ""比率"": 3.95, ""ロックアップ"": """", ""isCEO"": false}, {""株主名"": ""東京海上日動火災保険（株）"", ""比率"": 3.95, ""ロックアップ"": ""90日間\r\n1.5倍"", ""isCEO"": false}]"	"[{""営業収益（百万円）"": {""2013年3月"": 1552.0, ""2014年3月"": 1281.0, ""2015年3月"": 3977.0, ""2016年3月"": 5253.0}}, {""経常利益（百万円）"": {""2013年3月"": 247.0, ""2014年3月"": 299.0, ""2015年3月"": 169.0, ""2016年3月"": 553.0}}, {""当期純利益（百万円）"": {""2013年3月"": 153.0, ""2014年3月"": 187.0, ""2015年3月"": 61.0, ""2016年3月"": 376.0}}, {""純資産額 （百万円）"": {""2013年3月"": 924.0, ""2014年3月"": 1112.0, ""2015年3月"": 1264.0, ""2016年3月"": 1559.0}}, {""1株あたりの純資産額（円）"": {""2013年3月"": 92355.0, ""2014年3月"": 111173.0, ""2015年3月"": 595.0, ""2016年3月"": 765.0}}, {""1株あたりの純利益（円）"": {""2013年3月"": 15338.0, ""2014年3月"": 18669.0, ""2015年3月"": 31.0, ""2016年3月"": 186.0}}, {""自己資本比率（％）"": {""2013年3月"": 8.4, ""2014年3月"": 10.3, ""2015年3月"": 7.8, ""2016年3月"": 9.4}}, {""自己資本利益率（％）"": {""2013年3月"": 17.9, ""2014年3月"": 18.3, ""2015年3月"": 5.2, ""2016年3月"": 27.3}}]"	日本モーゲージサービス（7192）、大株主にベンチャーキャピタルがたくさん入っていますが、売り出しは少なく、公募価格比+50％のロックアップもかかっていますので、そこまでは需給的に上がりやすくなっています。ただ、同日に注目のＺＭＰ[ゼットエムピー］が上場することもあり、そちらに資金が集中してしまう可能性があります。ネット証券では、SMBC日興証券（副幹事）、SBI証券、安藤証券、マネックス証券から申し込みができます。	http://www.m-s-j.jp/
	シンシア	7782										https://www.ipokiso.com/company/2016/sincere.html		https://irbank.net/7782/ir	コンタクトレンズの製造・販売			12月16日（金）	東証マザーズ	"[{""株主名"": ""（株）キャピタルメディカ"", ""比率"": 77.33, ""ロックアップ"": ""90日間"", ""isCEO"": false}, {""株主名"": ""（株）シンシア"", ""比率"": 5.05, ""ロックアップ"": """", ""isCEO"": false}, {""株主名"": ""中村　研（社長）"", ""比率"": 3.78, ""ロックアップ"": """", ""isCEO"": true}, {""株主名"": ""みずほ成長支援投資事業有限責任組合"", ""比率"": 1.91, ""ロックアップ"": """", ""isCEO"": false}, {""株主名"": ""かながわ成長企業支援投資事業組合"", ""比率"": 1.91, ""ロックアップ"": """", ""isCEO"": false}, {""株主名"": ""オリックス（株）"", ""比率"": 1.91, ""ロックアップ"": """", ""isCEO"": false}, {""株主名"": ""清水　康久"", ""比率"": 1.1, ""ロックアップ"": """", ""isCEO"": false}, {""株主名"": ""SBIベンチャー企業成長支援3号投資事業有限責任組合"", ""比率"": 0.86, ""ロックアップ"": """", ""isCEO"": false}, {""株主名"": ""長嶺　英昌"", ""比率"": 0.73, ""ロックアップ"": """", ""isCEO"": false}, {""株主名"": ""飯島　彰"", ""比率"": 0.73, ""ロックアップ"": """", ""isCEO"": false}]"	"[{""売上高（百万円）"": {""2012年12月"": 2634.0, ""2013年12月"": 2619.0, ""2014年12月"": 3732.0, ""2015年12月"": 4244.0}}, {""経常利益（百万円）"": {""2012年12月"": 448.0, ""2013年12月"": 671.0, ""2014年12月"": 366.0, ""2015年12月"": 318.0}}, {""当期純利益（百万円）"": {""2012年12月"": 257.0, ""2013年12月"": 363.0, ""2014年12月"": 216.0, ""2015年12月"": 212.0}}, {""純資産額 （百万円）"": {""2012年12月"": 577.0, ""2013年12月"": 1074.0, ""2014年12月"": 1614.0, ""2015年12月"": 1663.0}}, {""1株あたりの純資産額（円）"": {""2012年12月"": 577269.0, ""2013年12月"": 1074190.0, ""2014年12月"": 807.0, ""2015年12月"": 880.0}}, {""1株あたりの純利益（円）"": {""2012年12月"": 256758.0, ""2013年12月"": 363323.0, ""2014年12月"": 108.0, ""2015年12月"": 121.0}}, {""自己資本比率（％）"": {""2012年12月"": 35.3, ""2013年12月"": 40.9, ""2014年12月"": 50.4, ""2015年12月"": 55.1}}, {""自己資本利益率（％）"": {""2012年12月"": 46.8, ""2013年12月"": 44.0, ""2014年12月"": 16.0, ""2015年12月"": 12.9}}]"	シンシア（7782）、利益が伸び悩んでおり、将来性はあまり感じません。ただ、メニコン（7780）にも同様の評価をくだしましたが、結果は予想もしなかった大幅上昇となりました。そういう意味では、初値の上昇が期待できますが、やはり個人的にはそんなに都合よくいかない気がしています。	http://www.sincere-vision.com/
	投資法人みらい	3476										https://www.ipokiso.com/company/2016/mirai.html		https://irbank.net/3476/ir				12月16日（金）	東証REIT	[]	[]	投資法人みらい（3476）、直近のリート案件が不調続きなだけに、なかなか明るい展開が予想できません。投資対象も一般的なもので、とくに新規性は感じられず、人気化する材料にとぼしいです。ネット証券ではSMBC日興証券、カブドットコム証券から申し込みができますが、とりあえず、仮条件が想定価格より上の価格帯になるくらいの勢いがなければ、見送っても良いと思います。	-
	ＭＳ－Ｊａｐａｎ	6539										https://www.ipokiso.com/company/2016/jmsc.html		https://irbank.net/6539/ir	企業の管理部門及び弁護士、公認会計士、税理士等の士業に特化した人材紹介業及び同領域におけるインターネットメディアの運営			12月15日（木）	東証マザーズ	"[{""株主名"": ""有本 隆浩（社長）"", ""比率"": 55.58, ""ロックアップ"": ""90日間"", ""isCEO"": true}, {""株主名"": ""（株）Ｔ＆Ａホールディングス"", ""比率"": 35.2, ""ロックアップ"": ""90日間"", ""isCEO"": false}, {""株主名"": ""（株）ＭＳ－Ｊａｐａｎ"", ""比率"": 8.01, ""ロックアップ"": """", ""isCEO"": false}, {""株主名"": ""藤江 眞之"", ""比率"": 0.07, ""ロックアップ"": ""90日間"", ""isCEO"": false}, {""株主名"": ""井川 優介"", ""比率"": 0.07, ""ロックアップ"": ""90日間"", ""isCEO"": false}, {""株主名"": ""中園 隼人"", ""比率"": 0.07, ""ロックアップ"": ""90日間"", ""isCEO"": false}, {""株主名"": ""久住 憲市"", ""比率"": 0.04, ""ロックアップ"": """", ""isCEO"": false}, {""株主名"": ""菅原 正則"", ""比率"": 0.03, ""ロックアップ"": ""90日間"", ""isCEO"": false}, {""株主名"": ""大浦 善光"", ""比率"": 0.03, ""ロックアップ"": ""90日間"", ""isCEO"": false}, {""株主名"": ""坂元 英峰"", ""比率"": 0.03, ""ロックアップ"": ""90日間"", ""isCEO"": false}]"	"[{""売上高（百万円）"": {""2013年3月"": 1062.0, ""2014年3月"": 1259.0, ""2015年3月"": 1607.0, ""2016年3月"": 2014.0}}, {""経常利益（百万円）"": {""2013年3月"": 322.0, ""2014年3月"": 480.0, ""2015年3月"": 653.0, ""2016年3月"": 813.0}}, {""当期純利益（百万円）"": {""2013年3月"": 187.0, ""2014年3月"": 297.0, ""2015年3月"": 412.0, ""2016年3月"": 535.0}}, {""純資産額 （百万円）"": {""2013年3月"": 1688.0, ""2014年3月"": 1995.0, ""2015年3月"": 2444.0, ""2016年3月"": 2741.0}}, {""1株あたりの純資産額（円）"": {""2013年3月"": 7500869.0, ""2014年3月"": 886724.0, ""2015年3月"": 435.0, ""2016年3月"": 530.0}}, {""1株あたりの純利益（円）"": {""2013年3月"": 831674.0, ""2014年3月"": 131988.0, ""2015年3月"": 73.0, ""2016年3月"": 104.0}}, {""自己資本比率（％）"": {""2013年3月"": 90.4, ""2014年3月"": 88.2, ""2015年3月"": 85.3, ""2016年3月"": 86.0}}, {""自己資本利益率（％）"": {""2013年3月"": 11.7, ""2014年3月"": 16.1, ""2015年3月"": 18.5, ""2016年3月"": 20.6}}]"	ＭＳ－Ｊａｐａｎ（6539）、売上・利益ともに右肩上がりで推移しているマザーズ上場のネット系ですが、人材紹介業のビジネスモデルはすでに確立されており、新規性はとくに感じられません。規模もそれなりに大きいので、初値を押し上げるにはかなりの買いが必要です。	http://company.jmsc.co.jp/
	キャリアインデックス	6538										https://www.ipokiso.com/company/2016/careerindex.html		https://irbank.net/6538/ir	インターネットを活用した集客プラットフォームの運営事業			12月14日（水）	東証マザーズ	"[{""株主名"": ""板倉 広高（社長）"", ""比率"": 80.81, ""ロックアップ"": ""180日間"", ""isCEO"": true}, {""株主名"": ""齊藤 慶介"", ""比率"": 15.72, ""ロックアップ"": ""180日間"", ""isCEO"": false}, {""株主名"": ""熊谷 友幸"", ""比率"": 0.8, ""ロックアップ"": ""180日間"", ""isCEO"": false}, {""株主名"": ""齋藤 武人"", ""比率"": 0.8, ""ロックアップ"": ""180日間"", ""isCEO"": false}, {""株主名"": ""米山 恭右"", ""比率"": 0.49, ""ロックアップ"": ""180日間"", ""isCEO"": false}, {""株主名"": ""青梨 和幸"", ""比率"": 0.37, ""ロックアップ"": """", ""isCEO"": false}, {""株主名"": ""林 絢子"", ""比率"": 0.11, ""ロックアップ"": """", ""isCEO"": false}, {""株主名"": ""嶌田 岳人"", ""比率"": 0.1, ""ロックアップ"": """", ""isCEO"": false}, {""株主名"": ""武智 恵"", ""比率"": 0.09, ""ロックアップ"": """", ""isCEO"": false}, {""株主名"": ""辻口 和也"", ""比率"": 0.09, ""ロックアップ"": """", ""isCEO"": false}]"	"[{""売上高（百万円）"": {""2013年3月"": 625.0, ""2014年3月"": 917.0, ""2015年3月"": 1501.0, ""2016年3月"": 1299.0}}, {""経常利益（百万円）"": {""2013年3月"": 201.0, ""2014年3月"": 304.0, ""2015年3月"": 411.0, ""2016年3月"": 233.0}}, {""当期純利益（百万円）"": {""2013年3月"": 127.0, ""2014年3月"": 184.0, ""2015年3月"": 259.0, ""2016年3月"": 151.0}}, {""純資産額 （百万円）"": {""2013年3月"": 325.0, ""2014年3月"": 469.0, ""2015年3月"": 680.0, ""2016年3月"": 831.0}}, {""1株あたりの純資産額（円）"": {""2013年3月"": 203.0, ""2014年3月"": 293.0, ""2015年3月"": 425.0, ""2016年3月"": 520.0}}, {""1株あたりの純利益（円）"": {""2013年3月"": 79.0, ""2014年3月"": 115.0, ""2015年3月"": 162.0, ""2016年3月"": 95.0}}, {""自己資本比率（％）"": {""2013年3月"": 67.3, ""2014年3月"": 69.6, ""2015年3月"": 69.3, ""2016年3月"": 81.6}}, {""自己資本利益率（％）"": {""2013年3月"": 48.7, ""2014年3月"": 46.4, ""2015年3月"": 45.0, ""2016年3月"": 20.0}}]"	キャリアインデックス（6538）、マザーズ上場のネット系ですが、人材紹介・派遣向けの求人ポータルサイトのようなモノはすでに見なれており、人気化はむずかしそうです。加えて、直近の業績推移が頭打ち気味で、将来性もそれほど感じられません。規模も大きいだけに、初値の上昇は期待しづらいです。ネット証券では、SBI証券（主幹事）、大和証券（副幹事）、SMBC日興証券、マネックス証券、安藤証券から申し込みができますが、申し込むかどうかは仮条件の水準を見てから決めましょう。	https://careerindex.co.jp/
	グッドコムアセット	3475										https://www.ipokiso.com/company/2016/goodcomasset.html		https://irbank.net/3475/ir	新築マンションの企画、開発、販売及び管理			12月8日（木）	JASDAQスタンダード	"[{""株主名"": ""長嶋 義和（社長）"", ""比率"": 50.92, ""ロックアップ"": ""90日間"", ""isCEO"": true}, {""株主名"": ""長嶋 弘子"", ""比率"": 18.42, ""ロックアップ"": ""90日間"", ""isCEO"": false}, {""株主名"": ""北出 和佳"", ""比率"": 4.34, ""ロックアップ"": """", ""isCEO"": false}, {""株主名"": ""川満 隆詞"", ""比率"": 4.34, ""ロックアップ"": ""90日間"", ""isCEO"": false}, {""株主名"": ""ＧＣＡ従業員持株会"", ""比率"": 4.27, ""ロックアップ"": """", ""isCEO"": false}, {""株主名"": ""染谷 恭子"", ""比率"": 3.04, ""ロックアップ"": ""90日間"", ""isCEO"": false}, {""株主名"": ""（株）リアルワン"", ""比率"": 2.26, ""ロックアップ"": ""90日間"", ""isCEO"": false}, {""株主名"": ""城島 佳央里"", ""比率"": 2.17, ""ロックアップ"": """", ""isCEO"": false}, {""株主名"": ""染谷 祐佳里"", ""比率"": 2.17, ""ロックアップ"": """", ""isCEO"": false}, {""株主名"": ""平瀬 健士"", ""比率"": 1.22, ""ロックアップ"": """", ""isCEO"": false}]"	"[{""売上高（百万円）"": {""2012年10月"": 4395.0, ""2013年10月"": 4748.0, ""2014年10月"": 5611.0, ""2015年10月"": 7824.0}}, {""経常利益（百万円）"": {""2012年10月"": 95.0, ""2013年10月"": 163.0, ""2014年10月"": 308.0, ""2015年10月"": 916.0}}, {""当期純利益（百万円）"": {""2012年10月"": 51.0, ""2013年10月"": 99.0, ""2014年10月"": 185.0, ""2015年10月"": 563.0}}, {""純資産額 （百万円）"": {""2012年10月"": 415.0, ""2013年10月"": 514.0, ""2014年10月"": 712.0, ""2015年10月"": 1273.0}}, {""1株あたりの純資産額（円）"": {""2012年10月"": 395624.0, ""2013年10月"": 490433.0, ""2014年10月"": 680.0, ""2015年10月"": 1215.0}}, {""1株あたりの純利益（円）"": {""2012年10月"": 48394.0, ""2013年10月"": 94062.0, ""2014年10月"": 176.0, ""2015年10月"": 537.0}}, {""自己資本比率（％）"": {""2012年10月"": 21.2, ""2013年10月"": 26.7, ""2014年10月"": 15.9, ""2015年10月"": 20.4}}, {""自己資本利益率（％）"": {""2012年10月"": 13.0, ""2013年10月"": 21.2, ""2014年10月"": 29.8, ""2015年10月"": 56.7}}]"	グッドコムアセット（3475）、消費税の引き上げ前に盛り上がった住宅販売銘柄も、今は落ち着いた株価水準になっており、人気化することは無さそうです。主要な大株主に対して期間でロックアップがかかっていて、公開株数も少なく、需給的には悪くありません。ただ、人気面で弱い感じで、初値もそれほど上がらないように思います。ネット証券では、SMBC日興証券（副幹事）、大和証券、SBI証券、安藤証券から申し込みできます。	https://www.goodcomasset.co.jp/
	イントラスト	7191										https://www.ipokiso.com/company/2016/entrust.html		https://irbank.net/7191/ir	総合保証サービス事業			12月7日（水）	東証マザーズ	"[{""株主名"": ""Prestige International (S) Pte Ltd."", ""比率"": 77.77, ""ロックアップ"": ""90日間\r\n1.5倍"", ""isCEO"": false}, {""株主名"": ""桑原 豊（社長）"", ""比率"": 15.65, ""ロックアップ"": ""90日間\r\n1.5倍"", ""isCEO"": true}, {""株主名"": ""（株）桑原トラスト"", ""比率"": 2.66, ""ロックアップ"": ""90日間\r\n1.5倍"", ""isCEO"": false}, {""株主名"": ""（株）トリニティジャパン"", ""比率"": 1.83, ""ロックアップ"": ""90日間\r\n1.5倍"", ""isCEO"": false}, {""株主名"": ""藤森 武"", ""比率"": 0.15, ""ロックアップ"": """", ""isCEO"": false}, {""株主名"": ""太田 博之"", ""比率"": 0.15, ""ロックアップ"": """", ""isCEO"": false}, {""株主名"": ""川島 俊忠"", ""比率"": 0.15, ""ロックアップ"": """", ""isCEO"": false}, {""株主名"": ""中村 育紘"", ""比率"": 0.11, ""ロックアップ"": """", ""isCEO"": false}, {""株主名"": ""石原 健太"", ""比率"": 0.11, ""ロックアップ"": """", ""isCEO"": false}, {""株主名"": ""永田 明久"", ""比率"": 0.07, ""ロックアップ"": """", ""isCEO"": false}]"	"[{""売上高（百万円）"": {""2013年3月"": 1851.0, ""2014年3月"": 2132.0, ""2015年3月"": 2846.0, ""2016年3月"": 2651.0}}, {""経常利益（百万円）"": {""2013年3月"": 71.0, ""2014年3月"": 9.0, ""2015年3月"": 14.0, ""2016年3月"": 541.0}}, {""当期純利益（百万円）"": {""2013年3月"": 70.0, ""2014年3月"": -3.0, ""2015年3月"": -171.0, ""2016年3月"": 524.0}}, {""純資産額 （百万円）"": {""2013年3月"": -107.0, ""2014年3月"": -110.0, ""2015年3月"": -281.0, ""2016年3月"": 384.0}}, {""1株あたりの純資産額（円）"": {""2013年3月"": -14.0, ""2014年3月"": -14.0, ""2015年3月"": -36.0, ""2016年3月"": 45.0}}, {""1株あたりの純利益（円）"": {""2013年3月"": 9.0, ""2014年3月"": -0.4, ""2015年3月"": -22.0, ""2016年3月"": 65.0}}, {""自己資本比率（％）"": {""2013年3月"": -6.1, ""2014年3月"": -6.8, ""2015年3月"": -19.9, ""2016年3月"": 25.8}}, {""自己資本利益率（％）"": {""2013年3月"": null, ""2014年3月"": null, ""2015年3月"": null, ""2016年3月"": 1090.9}}]"	イントラスト（7191）、九州旅客鉄道〔JR九州〕 で、公開株数の多い案件の「公募割れの流れ」がストップしましたが、さすがに人気化することはないでしょう。また、直近で利益を伸ばしていますが、逆に売上は減っているので、将来性には不安があります。過去の統計の結果からすると、10％程度の上昇が見込まれます。ネット証券では、大和証券（副幹事）、SBI証券、安藤証券、マネックス証券から申し込みができます。	https://www.entrust-inc.jp/
	いちごグリーン	9282										https://www.ipokiso.com/company/2016/ichigo_green.html		https://irbank.net/9282/ir				12月1日（木）	東証インフラ	[]	[]	いちごグリーンインフラ投資法人（9282）、東証インフラ市場の第2号案件ですが、前回ほど話題になることはないでしょう。最近の大型案件が公募割れ傾向にありますので、なかなか初値の上昇は期待しづらいです。ネット証券では、SMBC日興証券（副幹事）、SBI証券から申し込むことができますが、後日に発表される仮条件の水準次第では、見送ってもよいでしょう。	-
	スタジオアタオ	3550										https://www.ipokiso.com/company/2016/atao.html		https://irbank.net/3550/ir	オリジナルバッグ、財布等の企画・販売			11月29日（火）	東証マザーズ	"[{""株主名"": ""黒越 誠治"", ""比率"": 39.48, ""ロックアップ"": ""180日間"", ""isCEO"": false}, {""株主名"": ""瀬尾 訓弘（社長）"", ""比率"": 29.04, ""ロックアップ"": ""180日間"", ""isCEO"": true}, {""株主名"": ""（株）セブンオー"", ""比率"": 19.36, ""ロックアップ"": ""180日間"", ""isCEO"": false}, {""株主名"": ""（株）九六"", ""比率"": 9.92, ""ロックアップ"": ""180日間"", ""isCEO"": false}, {""株主名"": ""長南 伸明"", ""比率"": 3.0, ""ロックアップ"": """", ""isCEO"": false}, {""株主名"": ""籠谷 雅"", ""比率"": 0.19, ""ロックアップ"": ""180日間"", ""isCEO"": false}]"	"[{""売上高（百万円）"": {""2013年6月"": 559.0, ""2014年2月"": 627.0, ""2015年2月"": 1109.0, ""2016年2月"": 1944.0}}, {""経常利益（百万円）"": {""2013年6月"": 70.0, ""2014年2月"": 132.0, ""2015年2月"": 176.0, ""2016年2月"": 252.0}}, {""当期純利益（百万円）"": {""2013年6月"": 44.0, ""2014年2月"": 82.0, ""2015年2月"": 118.0, ""2016年2月"": 158.0}}, {""純資産額 （百万円）"": {""2013年6月"": 108.0, ""2014年2月"": 190.0, ""2015年2月"": 308.0, ""2016年2月"": 466.0}}, {""1株あたりの純資産額（円）"": {""2013年6月"": 541918.0, ""2014年2月"": 952393.0, ""2015年2月"": 154.0, ""2016年2月"": 233.0}}, {""1株あたりの純利益（円）"": {""2013年6月"": 220755.0, ""2014年2月"": 410475.0, ""2015年2月"": 59.0, ""2016年2月"": 79.0}}, {""自己資本比率（％）"": {""2013年6月"": 42.4, ""2014年2月"": 48.7, ""2015年2月"": 65.9, ""2016年2月"": 54.7}}, {""自己資本利益率（％）"": {""2013年6月"": 51.2, ""2014年2月"": 54.9, ""2015年2月"": 47.2, ""2016年2月"": 40.7}}]"	スタジオアタオ（3550）、アパレルの小売りでここまで勢いのある会社は久しぶりですね。小売り関連のIPOで大幅な上昇はなかなか期待しづらいですが、この勢いがあれば人気化してもおかしくありません。規模は少し重たいですが、積極的に当選をねらっていきたいと思います。ネット証券では、SMBC日興証券（主幹事）、大和証券（副幹事）がねらい目です。その他、SBI証券、マネックス証券、岩井コスモ証券、安藤証券からも申し込みができます。	http://www.atao.co.jp/
	エルテス	3967										https://www.ipokiso.com/company/2016/eltes.html		https://irbank.net/3967/ir	リスク検知に特化したビッグデータ解析によるソリューションの提供			11月29日（火）	東証マザーズ	"[{""株主名"": ""菅原 貴弘（社長）"", ""比率"": 23.41, ""ロックアップ"": ""90日間"", ""isCEO"": true}, {""株主名"": ""ＴＳパートナーズ"", ""比率"": 10.51, ""ロックアップ"": ""90日間"", ""isCEO"": false}, {""株主名"": ""（株）産業革新機構"", ""比率"": 10.33, ""ロックアップ"": """", ""isCEO"": false}, {""株主名"": ""宮前 幸央"", ""比率"": 4.13, ""ロックアップ"": ""90日間\r\n1.5倍"", ""isCEO"": false}, {""株主名"": ""ＮＴＴインベストメント・パートナーズ\r\nファンド投資事業組合"", ""比率"": 3.44, ""ロックアップ"": """", ""isCEO"": false}, {""株主名"": ""瓜生 健太郎"", ""比率"": 3.14, ""ロックアップ"": """", ""isCEO"": false}, {""株主名"": ""（株）電通"", ""比率"": 2.58, ""ロックアップ"": """", ""isCEO"": false}, {""株主名"": ""ＮＴＴコムオンライン・マーケティング・ソリューション（株）"", ""比率"": 2.48, ""ロックアップ"": ""90日間\r\n1.5倍"", ""isCEO"": false}, {""株主名"": ""みずほ成長支援投資事業有限責任組合"", ""比率"": 2.07, ""ロックアップ"": """", ""isCEO"": false}, {""株主名"": ""（株）アドベンチャー"", ""比率"": 2.07, ""ロックアップ"": ""90日間\r\n1.5倍"", ""isCEO"": false}]"	"[{""売上高（百万円）"": {""2013年2月"": 32.0, ""2014年2月"": 3.0, ""2015年2月"": 649.0, ""2016年2月"": 960.0}}, {""経常利益（百万円）"": {""2013年2月"": -4.0, ""2014年2月"": -17.0, ""2015年2月"": -153.0, ""2016年2月"": 132.0}}, {""当期純利益（百万円）"": {""2013年2月"": -4.0, ""2014年2月"": -17.0, ""2015年2月"": -119.0, ""2016年2月"": 89.0}}, {""純資産額 （百万円）"": {""2013年2月"": 10.0, ""2014年2月"": -7.0, ""2015年2月"": 208.0, ""2016年2月"": 978.0}}, {""1株あたりの純資産額（円）"": {""2013年2月"": 10091.0, ""2014年2月"": -7396.0, ""2015年2月"": 142.0, ""2016年2月"": 444.0}}, {""1株あたりの純利益（円）"": {""2013年2月"": -4395.0, ""2014年2月"": -17487.0, ""2015年2月"": -101.0, ""2016年2月"": 48.0}}, {""自己資本比率（％）"": {""2013年2月"": 66.5, ""2014年2月"": -357.6, ""2015年2月"": 57.7, ""2016年2月"": 82.4}}, {""自己資本利益率（％）"": {""2013年2月"": null, ""2014年2月"": null, ""2015年2月"": null, ""2016年2月"": 15.0}}]"	エルテス（3967）、過去の同様の案件の結果をみても、公募価格比+100％超の可能性がかなり高い案件です。ロックアップのかかりが少し弱いですが、絶対的に規模が小さいため、大株主が急いで売りに出さなければ、初値がどこまでも上がっていきそうです。	https://eltes.co.jp/
	ＪＭＣ	5704										https://www.ipokiso.com/company/2016/jmc.html		https://irbank.net/5704/ir	３Ｄプリンターおよび砂型鋳造による試作品、各種部品・商品の製造、販売			11月29日（火）	東証マザーズ	"[{""株主名"": ""渡邊 大知（社長）"", ""比率"": 41.41, ""ロックアップ"": ""90日間"", ""isCEO"": true}, {""株主名"": ""鈴木 浩之"", ""比率"": 19.22, ""ロックアップ"": ""90日間"", ""isCEO"": false}, {""株主名"": ""ＤＣＩハイテク製造業成長支援\r\n 投資事業有限責任組合"", ""比率"": 6.4, ""ロックアップ"": ""90日間\r\n1.5倍"", ""isCEO"": false}, {""株主名"": ""ＥＥＩクリーンテック投資事業有限責任組合"", ""比率"": 5.86, ""ロックアップ"": ""90日間\r\n1.5倍"", ""isCEO"": false}, {""株主名"": ""渡邊商事（株）"", ""比率"": 5.39, ""ロックアップ"": ""90日間"", ""isCEO"": false}, {""株主名"": ""東京都ベンチャー企業成長支援投資\r\n 事業有限責任組合"", ""比率"": 5.32, ""ロックアップ"": ""90日間\r\n1.5倍"", ""isCEO"": false}, {""株主名"": ""山﨑 晴太郎"", ""比率"": 2.81, ""ロックアップ"": ""90日間"", ""isCEO"": false}, {""株主名"": ""静岡キャピタル５号投資事業\r\n 有限責任組合"", ""比率"": 2.34, ""ロックアップ"": ""90日間\r\n1.5倍"", ""isCEO"": false}, {""株主名"": ""森谷 知子"", ""比率"": 2.18, ""ロックアップ"": ""90日間"", ""isCEO"": false}, {""株主名"": ""かながわ成長企業支援投資事業組合"", ""比率"": 1.76, ""ロックアップ"": ""90日間\r\n1.5倍"", ""isCEO"": false}]"	"[{""売上高（百万円）"": {""2012年4月"": 596.0, ""2013年4月"": 827.0, ""2014年12月"": 644.0, ""2015年12月"": 1327.0}}, {""経常利益（百万円）"": {""2012年4月"": 51.0, ""2013年4月"": 74.0, ""2014年12月"": 51.0, ""2015年12月"": 195.0}}, {""当期純利益（百万円）"": {""2012年4月"": 38.0, ""2013年4月"": 35.0, ""2014年12月"": 20.0, ""2015年12月"": 124.0}}, {""純資産額 （百万円）"": {""2012年4月"": 205.0, ""2013年4月"": 238.0, ""2014年12月"": 581.0, ""2015年12月"": 705.0}}, {""1株あたりの純資産額（円）"": {""2012年4月"": 466371.0, ""2013年4月"": 618189.0, ""2014年12月"": 393.0, ""2015年12月"": 477.0}}, {""1株あたりの純利益（円）"": {""2012年4月"": 165696.0, ""2013年4月"": 151818.0, ""2014年12月"": 22.0, ""2015年12月"": 84.0}}, {""自己資本比率（％）"": {""2012年4月"": 38.5, ""2013年4月"": 37.9, ""2014年12月"": 57.9, ""2015年12月"": 51.8}}, {""自己資本利益率（％）"": {""2012年4月"": 27.2, ""2013年4月"": 16.0, ""2014年12月"": 4.9, ""2015年12月"": 19.3}}]"	ＪＭＣ（5704）、3Dプリンターのテーマ性がどこまで強いかで結果が決まりそうです。単に鋳造事業としてしか認識されなければ、需給的に初値が大幅上昇することはないでしょう。とりあえず、今後は3Dプリンター関連の銘柄の動向にも注目してみます。今回の発表で関連銘柄が動き出すようなら、初値にも期待が持てます。ネット証券では、SBI証券（副幹事）、SMBC日興証券、楽天証券から申し込みができます。	http://www.jmc-rp.co.jp/
	ＷＡＳＨハウス	6537										https://www.ipokiso.com/company/2016/wash-house.html		https://irbank.net/6537/ir	コインランドリー『ＷＡＳＨハウス』のチェーン本部としてフランチャイズシステムの提供等			11月22日（火）	東証マザーズ	"[{""株主名"": ""児玉 康孝（社長）"", ""比率"": 35.7, ""ロックアップ"": ""90日間"", ""isCEO"": true}, {""株主名"": ""（株）ＫＤＭ"", ""比率"": 28.79, ""ロックアップ"": ""90日間"", ""isCEO"": false}, {""株主名"": ""ジャフコＶ２共有投資事業有限責任組合"", ""比率"": 8.12, ""ロックアップ"": ""90日間\r\n1.5倍"", ""isCEO"": false}, {""株主名"": ""ＪＡＩＣ－みやざき太陽１号投資事業有限責任組合"", ""比率"": 7.78, ""ロックアップ"": """", ""isCEO"": false}, {""株主名"": ""みやざき未来応援ファンド投資事業有限責任組合"", ""比率"": 7.41, ""ロックアップ"": """", ""isCEO"": false}, {""株主名"": ""児玉 眞由美"", ""比率"": 3.71, ""ロックアップ"": ""90日間"", ""isCEO"": false}, {""株主名"": ""（株）宮崎銀行"", ""比率"": 2.96, ""ロックアップ"": ""90日間"", ""isCEO"": false}, {""株主名"": ""ジャフコＶ２－Ｗ投資事業有限責任組合"", ""比率"": 0.81, ""ロックアップ"": ""90日間\r\n1.5倍"", ""isCEO"": false}, {""株主名"": ""児玉 ユミ子"", ""比率"": 0.74, ""ロックアップ"": ""90日間"", ""isCEO"": false}, {""株主名"": ""児玉 光"", ""比率"": 0.56, ""ロックアップ"": ""90日間"", ""isCEO"": false}]"	"[{""売上高（百万円）"": {""2012年12月"": 707.0, ""2013年12月"": 1052.0, ""2014年12月"": 1247.0, ""2015年12月"": 2050.0}}, {""経常利益（百万円）"": {""2012年12月"": 51.0, ""2013年12月"": 62.0, ""2014年12月"": 66.0, ""2015年12月"": 219.0}}, {""当期純利益（百万円）"": {""2012年12月"": 51.0, ""2013年12月"": 66.0, ""2014年12月"": 40.0, ""2015年12月"": 132.0}}, {""純資産額 （百万円）"": {""2012年12月"": 77.0, ""2013年12月"": 143.0, ""2014年12月"": 183.0, ""2015年12月"": 339.0}}, {""1株あたりの純資産額（円）"": {""2012年12月"": 4674.0, ""2013年12月"": 8192.0, ""2014年12月"": 106.0, ""2015年12月"": 130.0}}, {""1株あたりの純利益（円）"": {""2012年12月"": 3071.0, ""2013年12月"": 3981.0, ""2014年12月"": 24.0, ""2015年12月"": 76.0}}, {""自己資本比率（％）"": {""2012年12月"": 13.5, ""2013年12月"": 15.6, ""2014年12月"": 16.8, ""2015年12月"": 20.6}}, {""自己資本利益率（％）"": {""2012年12月"": 97.9, ""2013年12月"": 61.9, ""2014年12月"": 25.8, ""2015年12月"": 51.3}}]"	ＷＡＳＨハウス（6537）、ホームページを開けると「AI」「ビッグデータ」「IoT」という言葉がでてきたので、いったい何をしているのかと思いきや、コインランドリーのチェーン展開でした。これらのテーマがあれば、IPOでは人気化しやすいですが、さすがにこじつけ感が強く、そのようにはならないでしょう。ネット証券では、SMBC日興証券（副幹事）、SBI証券、マネックス証券、安藤証券から申し込みが可能です。	http://www.wash-house.jp/
	フィル・カンパニー	3267										https://www.ipokiso.com/company/2016/philcompany.html		https://irbank.net/3267/ir	1階を駐車場、2階以上を店舗とする『空中店舗フィル・パーク』の企画、設計、建築			11月18日（金）	東証マザーズ	"[{""株主名"": ""髙橋 伸彰"", ""比率"": 41.84, ""ロックアップ"": ""90日間"", ""isCEO"": false}, {""株主名"": ""ＳＵＳ（株）"", ""比率"": 10.39, ""ロックアップ"": ""1.5倍"", ""isCEO"": false}, {""株主名"": ""能美 裕一（社長）"", ""比率"": 5.26, ""ロックアップ"": ""90日間"", ""isCEO"": true}, {""株主名"": ""髙野 隆"", ""比率"": 3.98, ""ロックアップ"": ""90日間"", ""isCEO"": false}, {""株主名"": ""（合）ＮＯＢ"", ""比率"": 1.91, ""ロックアップ"": ""90日間"", ""isCEO"": false}, {""株主名"": ""（株）フューチャーホールディングス"", ""比率"": 1.91, ""ロックアップ"": ""1.5倍"", ""isCEO"": false}, {""株主名"": ""松藤 博次"", ""比率"": 1.91, ""ロックアップ"": ""1.5倍"", ""isCEO"": false}, {""株主名"": ""真鍋 康正"", ""比率"": 1.91, ""ロックアップ"": ""1.5倍"", ""isCEO"": false}, {""株主名"": ""（株）ido"", ""比率"": 1.91, ""ロックアップ"": ""1.5倍"", ""isCEO"": false}, {""株主名"": ""二村 健司"", ""比率"": 1.87, ""ロックアップ"": """", ""isCEO"": false}]"	"[{""売上高（百万円）"": {""2012年11月"": 181.0, ""2013年11月"": 277.0, ""2014年11月"": 477.0, ""2015年11月"": 1493.0}}, {""経常利益（百万円）"": {""2012年11月"": 2.0, ""2013年11月"": -28.0, ""2014年11月"": 7.0, ""2015年11月"": 154.0}}, {""当期純利益（百万円）"": {""2012年11月"": 2.0, ""2013年11月"": -24.0, ""2014年11月"": 35.0, ""2015年11月"": 140.0}}, {""純資産額 （百万円）"": {""2012年11月"": -23.0, ""2013年11月"": 52.0, ""2014年11月"": 87.0, ""2015年11月"": 227.0}}, {""1株あたりの純資産額（円）"": {""2012年11月"": -14.0, ""2013年11月"": 24.0, ""2014年11月"": 41.0, ""2015年11月"": 106.0}}, {""1株あたりの純利益（円）"": {""2012年11月"": 1.0, ""2013年11月"": -14.0, ""2014年11月"": 16.0, ""2015年11月"": 66.0}}, {""自己資本比率（％）"": {""2012年11月"": -13.0, ""2013年11月"": 21.1, ""2014年11月"": 15.0, ""2015年11月"": 21.6}}, {""自己資本利益率（％）"": {""2012年11月"": null, ""2013年11月"": null, ""2014年11月"": 50.4, ""2015年11月"": 89.4}}]"	フィル・カンパニー（3267）、事業性も大いに期待でき、需給環境も優れていますので、初値高騰はかたそうです。2014年にビジネス・イノベーション・アワードで優秀賞を受賞しており、その後、みずほ銀行や横浜銀行とビジネスマッチング契約を結んでいます。事業拡大の道筋がすでに立っており、人気化する要素はそろっています。	http://philcompany.jp/
	バロックジャパン	3548										https://www.ipokiso.com/company/2016/baroque-global.html		https://irbank.net/3548/ir	主に女性向けの衣料品及び服飾雑貨の企画及び販売をおこなう製造小売業（SPA）			11月1日（火）	東証1部	"[{""株主名"": ""MUTUAL CROWN LIMITED"", ""比率"": 29.77, ""ロックアップ"": ""180日間"", ""isCEO"": false}, {""株主名"": ""オリックス（株）"", ""比率"": 27.86, ""ロックアップ"": ""180日間"", ""isCEO"": false}, {""株主名"": ""CDH RUNWAY INVESTMENT (HK) LIMITED"", ""比率"": 21.43, ""ロックアップ"": ""180日間"", ""isCEO"": false}, {""株主名"": ""村井　博之"", ""比率"": 12.55, ""ロックアップ"": ""180日間"", ""isCEO"": false}, {""株主名"": ""深澤　瑞岐"", ""比率"": 0.56, ""ロックアップ"": ""180日間"", ""isCEO"": false}, {""株主名"": ""奈良　世輝"", ""比率"": 0.55, ""ロックアップ"": ""180日間"", ""isCEO"": false}, {""株主名"": ""深澤　哲人"", ""比率"": 0.52, ""ロックアップ"": ""180日間"", ""isCEO"": false}, {""株主名"": ""小池　惠一郎"", ""比率"": 0.47, ""ロックアップ"": ""180日間"", ""isCEO"": false}, {""株主名"": ""池内　秀樹"", ""比率"": 0.37, ""ロックアップ"": ""180日間"", ""isCEO"": false}, {""株主名"": ""中根　麗子"", ""比率"": 0.37, ""ロックアップ"": ""180日間"", ""isCEO"": false}]"	"[{""売上高（百万円）"": {""2013年1月"": 59865.0, ""2014年1月"": 59017.0, ""2015年1月"": 62525.0, ""2016年1月"": 68769.0}}, {""経常利益（百万円）"": {""2013年1月"": 258.0, ""2014年1月"": -219.0, ""2015年1月"": -874.0, ""2016年1月"": 6141.0}}, {""当期純利益（百万円）"": {""2013年1月"": -3177.0, ""2014年1月"": -614.0, ""2015年1月"": -2340.0, ""2016年1月"": 4221.0}}, {""純資産額\r\n（百万円）"": {""2013年1月"": 3807.0, ""2014年1月"": 3192.0, ""2015年1月"": 1652.0, ""2016年1月"": 5853.0}}, {""1株あたりの純資産額（円）"": {""2013年1月"": 24325.0, ""2014年1月"": 20396.0, ""2015年1月"": 42.6, ""2016年1月"": 176.3}}, {""1株あたりの純利益（円）"": {""2013年1月"": -20300.0, ""2014年1月"": -3928.0, ""2015年1月"": -74.75, ""2016年1月"": 134.85}}, {""自己資本比率（％）"": {""2013年1月"": 14.57, ""2014年1月"": 13.73, ""2015年1月"": 5.55, ""2016年1月"": 19.5}}, {""自己資本利益率（％）"": {""2013年1月"": null, ""2014年1月"": null, ""2015年1月"": null, ""2016年1月"": 123.2}}]"	バロックジャパンリミテッド（3548）、2016年1月期の業績は急回復していますが、今期の中間決算を見る限り、その勢いはなく頭打ち気味に見えます。大株主に対するロックアップは期間でしっかりかかっていますが、公開株数がかなり多く、需給的に初値は上がりにくくなっています。      ネット証券では、大和証券（主幹事）、SMBC日興証券、マネックス証券、SBI証券、楽天証券から申し込みが可能です。	https://www.baroque-global.com/jp
	岐阜造園	1438										https://www.ipokiso.com/company/2016/gifu-zohen.html		https://irbank.net/1438/ir	造園緑化工事の設計・施工・メンテナンス等			11月1日（火）	名証2部	"[{""株主名"": ""小栗 達弘（社長）"", ""比率"": 27.61, ""ロックアップ"": ""180日間"", ""isCEO"": true}, {""株主名"": ""小栗 弘"", ""比率"": 26.36, ""ロックアップ"": """", ""isCEO"": false}, {""株主名"": ""小栗 勝郎"", ""比率"": 26.0, ""ロックアップ"": ""180日間"", ""isCEO"": false}, {""株主名"": ""岐阜造園社員持株会"", ""比率"": 7.11, ""ロックアップ"": """", ""isCEO"": false}, {""株主名"": ""伊藤 俊秀"", ""比率"": 1.48, ""ロックアップ"": """", ""isCEO"": false}, {""株主名"": ""舟橋 恵一"", ""比率"": 1.48, ""ロックアップ"": ""180日間"", ""isCEO"": false}, {""株主名"": ""山﨑 茂"", ""比率"": 1.48, ""ロックアップ"": """", ""isCEO"": false}, {""株主名"": ""山田 準"", ""比率"": 1.48, ""ロックアップ"": ""180日間"", ""isCEO"": false}, {""株主名"": ""川下 保博"", ""比率"": 0.99, ""ロックアップ"": ""180日間"", ""isCEO"": false}, {""株主名"": ""小栗 育子"", ""比率"": 0.65, ""ロックアップ"": """", ""isCEO"": false}]"	"[{""売上高（百万円）"": {""2012年9月"": 1958.0, ""2013年9月"": 2008.0, ""2014年9月"": 3868.0, ""2015年9月"": 4167.0}}, {""経常利益（百万円）"": {""2012年9月"": 88.0, ""2013年9月"": 118.0, ""2014年9月"": 262.0, ""2015年9月"": 349.0}}, {""当期純利益（百万円）"": {""2012年9月"": -36.0, ""2013年9月"": 88.0, ""2014年9月"": 141.0, ""2015年9月"": 235.0}}, {""純資産額\r\n（百万円）"": {""2012年9月"": 1026.0, ""2013年9月"": 1118.0, ""2014年9月"": 1239.0, ""2015年9月"": 1474.0}}, {""1株あたりの純資産額（円）"": {""2012年9月"": 10110.0, ""2013年9月"": 11020.0, ""2014年9月"": 1221.0, ""2015年9月"": 1452.0}}, {""1株あたりの純利益（円）"": {""2012年9月"": -362.83, ""2013年9月"": 872.53, ""2014年9月"": 138.94, ""2015年9月"": 232.04}}, {""自己資本比率（％）"": {""2012年9月"": 58.4, ""2013年9月"": 57.8, ""2014年9月"": 49.1, ""2015年9月"": 52.4}}, {""自己資本利益率（％）"": {""2012年9月"": null, ""2013年9月"": 8.3, ""2014年9月"": 11.9, ""2015年9月"": 17.4}}]"	岐阜造園（1438）、地味系で名証2部というマイナー取引所に上場するとあっては、初値が高騰することはなさそうです。ただ、実態はしっかりしており、純粋な投資対象としては魅力的なので、底値はそれなりの水準になりそうです。大株主に対するロックアップのかかりは緩いですが、急いで売りに出すような印象はないです。	http://www.gifu-zohen.co.jp/
	アイモバイル	6535										https://www.ipokiso.com/company/2016/i-mobile.html		https://irbank.net/6535/ir	アドネットワーク等インターネット広告サービス事業			10月27日（木）	東証マザーズ	"[{""株主名"": ""田中 俊彦（社長）"", ""比率"": 40.94, ""ロックアップ"": ""180日間"", ""isCEO"": true}, {""株主名"": ""野口 哲也"", ""比率"": 39.32, ""ロックアップ"": ""180日間"", ""isCEO"": false}, {""株主名"": ""（株）アイモバイル"", ""比率"": 15.97, ""ロックアップ"": """", ""isCEO"": false}, {""株主名"": ""溝田 吉倫"", ""比率"": 0.25, ""ロックアップ"": """", ""isCEO"": false}, {""株主名"": ""甲斐 康浩"", ""比率"": 0.16, ""ロックアップ"": """", ""isCEO"": false}, {""株主名"": ""野仲 正樹"", ""比率"": 0.16, ""ロックアップ"": """", ""isCEO"": false}, {""株主名"": ""須藤 麻里"", ""比率"": 0.15, ""ロックアップ"": """", ""isCEO"": false}, {""株主名"": ""山本 真實"", ""比率"": 0.14, ""ロックアップ"": """", ""isCEO"": false}, {""株主名"": ""加藤 秀樹"", ""比率"": 0.13, ""ロックアップ"": """", ""isCEO"": false}, {""株主名"": ""冨重 眞栄"", ""比率"": 0.13, ""ロックアップ"": """", ""isCEO"": false}]"	"[{""売上高（百万円）"": {""2012年7月"": 3132.0, ""2013年7月"": 5962.0, ""2014年7月"": 10007.0, ""2015年7月"": 15063.0}}, {""経常利益（百万円）"": {""2012年7月"": 438.0, ""2013年7月"": 1091.0, ""2014年7月"": 1832.0, ""2015年7月"": 2880.0}}, {""当期純利益（百万円）"": {""2012年7月"": 278.0, ""2013年7月"": 671.0, ""2014年7月"": 1132.0, ""2015年7月"": 1829.0}}, {""純資産額\r\n（百万円）"": {""2012年7月"": 325.0, ""2013年7月"": 847.0, ""2014年7月"": 1980.0, ""2015年7月"": 3813.0}}, {""1株あたりの純資産額（円）"": {""2012年7月"": 452701.0, ""2013年7月"": 47.09, ""2014年7月"": 110.0, ""2015年7月"": 211.86}}, {""1株あたりの純利益（円）"": {""2012年7月"": 307761.0, ""2013年7月"": 35.69, ""2014年7月"": 62.91, ""2015年7月"": 101.66}}, {""自己資本比率（％）"": {""2012年7月"": 30.3, ""2013年7月"": 37.5, ""2014年7月"": 40.5, ""2015年7月"": 54.4}}, {""自己資本利益率（％）"": {""2012年7月"": 77.0, ""2013年7月"": 114.5, ""2014年7月"": 57.2, ""2015年7月"": 63.2}}]"	（10月19日追記）アイモバイル（6535）、「ネット系で業績が急成長しており、割安性もそれなりにある」のですが、公開株数が多く、需給的にかなり重たい案件のため、初値は公募価格近辺とみています。今期に関しては、第3四半期までの業績推移を見る限り鈍化気味で、規模が規模ということもあり、上値の伸びはあまり期待できません。ネット証券では、主幹事のSBI証券がねらい目です。その他、1人1票制のSMBC日興証券、マネックス証券、安藤証券からも申し込みができますので、積極的に当選をねらっていきましょう。公開株数が多いだけに当選するチャンスは大きいです。	http://www.i-mobile.co.jp/
	九州旅客鉄道	9142										https://www.ipokiso.com/company/2015/jrkyushu.html		https://irbank.net/9142/ir				10月25日（火）	東証、福証	"[{""株主名"": ""独立行政法人鉄道建設・運輸施設整備支援機構"", ""比率"": 100.0, ""ロックアップ"": """", ""isCEO"": false}]"	"[{""営業収益（百万円）"": {""2014年3月"": 196145.0, ""2015年3月"": 357422.0, ""2016年3月"": 377989.0, ""2017年3月"": 378800.0}}, {""経常利益（百万円）"": {""2014年3月"": 11615.0, ""2015年3月"": 25574.0, ""2016年3月"": 32035.0, ""2017年3月"": 53500.0}}, {""当期純利益（百万円）"": {""2014年3月"": 7232.0, ""2015年3月"": 15012.0, ""2016年3月"": -433089.0, ""2017年3月"": 38200.0}}, {""純資産額\r\n（百万円）"": {""2014年3月"": 712587.0, ""2015年3月"": 771236.0, ""2016年3月"": 305745.0, ""2017年3月"": null}}, {""1株あたりの純資産額（円）"": {""2014年3月"": 2226835.0, ""2015年3月"": 4790.0, ""2016年3月"": 1876.0, ""2017年3月"": null}}, {""1株あたりの純利益（円）"": {""2014年3月"": 22602.0, ""2015年3月"": 93.83, ""2016年3月"": -2706.0, ""2017年3月"": null}}, {""自己資本比率（％）"": {""2014年3月"": 70.2, ""2015年3月"": 67.2, ""2016年3月"": 46.4, ""2017年3月"": null}}, {""自己資本利益率（％）"": {""2014年3月"": 1.0, ""2015年3月"": 2.0, ""2016年3月"": -81.2, ""2017年3月"": null}}]"	九州旅客鉄道〔JR九州〕（9142）、さすがにこの規模と事業モデルで将来の成長を期待するのは厳しいです。本業の鉄道事業は赤字ですが、不動産販売などが好調で、全体的にはなんとか黒字になっています。東証1部に上場することになると思うので、大型の日本株を扱う投資信託などからの買いが見込まれますが、個人が積極的に買っていく案件には思えず、IPOとしてはやはり魅力に欠けそうです。	http://www.jrkyushu.co.jp/
